Timestamp,Trade High,Trade Close,Trade Low,Trade Open
31/03/2008,4455.1,4455.1,4455.1,4455.1
28/03/2008,4461.92,4461.92,4461.92,4461.92
27/03/2008,4460.72,4460.72,4460.72,4460.72
26/03/2008,4447.98,4447.98,4447.98,4447.98
25/03/2008,4393.95,4393.95,4393.95,4393.95
24/03/2008,4233.44,4233.44,4233.44,4233.44
21/03/2008,4165.76,4165.76,4165.76,4165.76
20/03/2008,4165.67,4165.67,4165.67,4165.67
19/03/2008,4290.62,4290.62,4290.62,4290.62
18/03/2008,4513.47,4513.47,4513.47,4513.47
17/03/2008,4392.1,4392.1,4392.1,4392.1
14/03/2008,4557.51,4557.51,4557.51,4557.51
13/03/2008,4574.9,4574.9,4574.9,4574.9
12/03/2008,4542.12,4542.12,4542.12,4542.12
11/03/2008,4521.91,4521.91,4521.91,4521.91
10/03/2008,4364.44,4364.44,4364.44,4364.44
7/03/2008,4523.86,4523.86,4523.86,4523.86
6/03/2008,4671,4671,4671,4671
5/03/2008,4700.58,4700.58,4700.58,4700.58
4/03/2008,4610.84,4610.84,4610.84,4610.84
3/03/2008,4661.26,4661.26,4661.26,4661.26
29/02/2008,4656.22,4656.22,4656.22,4656.22
28/02/2008,4743.86,4743.86,4743.86,4743.86
27/02/2008,4726.35,4726.35,4726.35,4726.35
26/02/2008,4718.94,4718.94,4718.94,4718.94
25/02/2008,4692.51,4692.51,4692.51,4692.51
22/02/2008,4583.8,4583.8,4583.8,4583.8
21/02/2008,4589.23,4589.23,4589.23,4589.23
20/02/2008,4570.87,4570.87,4570.87,4570.87
19/02/2008,4568.11,4568.11,4568.11,4568.11
18/02/2008,4470.42,4470.42,4470.42,4470.42
15/02/2008,4442.53,4442.53,4442.53,4442.53
14/02/2008,4467.19,4467.19,4467.19,4467.19
13/02/2008,4411.13,4411.13,4411.13,4411.13
12/02/2008,4404.68,4404.68,4404.68,4404.68
11/02/2008,4307.18,4307.18,4307.18,4307.18
8/02/2008,4251.37,4251.37,4251.37,4251.37
7/02/2008,4191.37,4191.37,4191.37,4191.37
6/02/2008,4239.34,4239.34,4239.34,4239.34
5/02/2008,4267.52,4267.52,4267.52,4267.52
4/02/2008,4420.06,4420.06,4420.06,4420.06
1/02/2008,4403.71,4403.71,4403.71,4403.71
31/01/2008,4300.86,4300.86,4300.86,4300.86
30/01/2008,4285.62,4285.62,4285.62,4285.62
29/01/2008,4306.25,4306.25,4306.25,4306.25
28/01/2008,4255.78,4255.78,4255.78,4255.78
25/01/2008,4238.77,4238.77,4238.77,4238.77
24/01/2008,4201.4,4201.4,4201.4,4201.4
23/01/2008,4002.4,4002.4,4002.4,4002.4
22/01/2008,4043.7,4043.7,4043.7,4043.7
21/01/2008,4016.62,4016.62,4016.62,4016.62
18/01/2008,4171.45,4171.45,4171.45,4171.45
17/01/2008,4163.86,4163.86,4163.86,4163.86
16/01/2008,4369.28,4369.28,4369.28,4369.28
15/01/2008,4606.61,4606.61,4606.61,4606.61
14/01/2008,4730.21,4730.21,4730.21,4730.21
11/01/2008,4612.62,4612.62,4612.62,4612.62
10/01/2008,4623.14,4623.14,4623.14,4623.14
9/01/2008,4643.06,4643.06,4643.06,4643.06
8/01/2008,4636.16,4636.16,4636.16,4636.16
7/01/2008,4635.19,4635.19,4635.19,4635.19
4/01/2008,4667.44,4667.44,4667.44,4667.44
3/01/2008,4732.92,4732.92,4732.92,4732.92
2/01/2008,4623.1,4623.1,4623.1,4623.1
1/01/2008,4602.83,4602.83,4602.83,4602.83
31/12/2007,4601.6,4601.6,4601.6,4601.6
28/12/2007,4624.7,4624.7,4624.7,4624.7
27/12/2007,4597.91,4597.91,4597.91,4597.91
26/12/2007,4579.5,4579.5,4579.5,4579.5
25/12/2007,4553.61,4553.61,4553.61,4553.61
24/12/2007,4552.99,4552.99,4552.99,4552.99
21/12/2007,4485.14,4485.14,4485.14,4485.14
20/12/2007,4373.79,4373.79,4373.79,4373.79
19/12/2007,4278.13,4278.13,4278.13,4278.13
18/12/2007,4258,4258,4258,4258
17/12/2007,4250.34,4250.34,4250.34,4250.34
14/12/2007,4335.65,4335.65,4335.65,4335.65
13/12/2007,4385.84,4385.84,4385.84,4385.84
12/12/2007,4434.7,4434.7,4434.7,4434.7
11/12/2007,4383.72,4383.72,4383.72,4383.72
10/12/2007,4482.89,4482.89,4482.89,4482.89
7/12/2007,4441.33,4441.33,4441.33,4441.33
6/12/2007,4425.62,4425.62,4425.62,4425.62
5/12/2007,4363.81,4363.81,4363.81,4363.81
4/12/2007,4281.09,4281.09,4281.09,4281.09
3/12/2007,4284.95,4284.95,4284.95,4284.95
30/11/2007,4241.17,4241.17,4241.17,4241.17
29/11/2007,4202.34,4202.34,4202.34,4202.34
28/11/2007,4178.26,4178.26,4178.26,4178.26
27/11/2007,4050.01,4050.01,4050.01,4050.01
26/11/2007,4061.98,4061.98,4061.98,4061.98
23/11/2007,4074.68,4074.68,4074.68,4074.68
22/11/2007,4009.76,4009.76,4009.76,4009.76
21/11/2007,4017.58,4017.58,4017.58,4017.58
20/11/2007,4106.53,4106.53,4106.53,4106.53
19/11/2007,4019.65,4019.65,4019.65,4019.65
16/11/2007,4121.68,4121.68,4121.68,4121.68
15/11/2007,4098.04,4098.04,4098.04,4098.04
14/11/2007,4216.49,4216.49,4216.49,4216.49
13/11/2007,4153.61,4153.61,4153.61,4153.61
12/11/2007,4085.1,4085.1,4085.1,4085.1
9/11/2007,4317.31,4317.31,4317.31,4317.31
8/11/2007,4400.17,4400.17,4400.17,4400.17
7/11/2007,4345.41,4345.41,4345.41,4345.41
6/11/2007,4365.36,4365.36,4365.36,4365.36
5/11/2007,4240.18,4240.18,4240.18,4240.18
2/11/2007,4277.56,4277.56,4277.56,4277.56
1/11/2007,4250.9,4250.9,4250.9,4250.9
31/10/2007,4355.78,4355.78,4355.78,4355.78
30/10/2007,4272.96,4272.96,4272.96,4272.96
29/10/2007,4342.1,4342.1,4342.1,4342.1
26/10/2007,4256.53,4256.53,4256.53,4256.53
25/10/2007,4173.38,4173.38,4173.38,4173.38
24/10/2007,4109.94,4109.94,4109.94,4109.94
23/10/2007,4110.39,4110.39,4110.39,4110.39
22/10/2007,4017.25,4017.25,4017.25,4017.25
19/10/2007,4092.44,4092.44,4092.44,4092.44
18/10/2007,4197.25,4197.25,4197.25,4197.25
17/10/2007,4164.32,4164.32,4164.32,4164.32
16/10/2007,4182.55,4182.55,4182.55,4182.55
15/10/2007,4199.42,4199.42,4199.42,4199.42
12/10/2007,4195.4,4195.4,4195.4,4195.4
11/10/2007,4155.67,4155.67,4155.67,4155.67
10/10/2007,4118.82,4118.82,4118.82,4118.82
9/10/2007,4083.53,4083.53,4083.53,4083.53
8/10/2007,3996.3,3996.3,3996.3,3996.3
5/10/2007,4010.91,4010.91,4010.91,4010.91
4/10/2007,3968.58,3968.58,3968.58,3968.58
3/10/2007,3957.95,3957.95,3957.95,3957.95
2/10/2007,4004.08,4004.08,4004.08,4004.08
1/10/2007,4049.61,4049.61,4049.61,4049.61
28/09/2007,3995.89,3995.89,3995.89,3995.89
27/09/2007,3973.02,3973.02,3973.02,3973.02
26/09/2007,3929.34,3929.34,3929.34,3929.34
25/09/2007,3900.27,3900.27,3900.27,3900.27
24/09/2007,3925.35,3925.35,3925.35,3925.35
21/09/2007,3911.52,3911.52,3911.52,3911.52
20/09/2007,3859.31,3859.31,3859.31,3859.31
19/09/2007,3828.5,3828.5,3828.5,3828.5
18/09/2007,3735.91,3735.91,3735.91,3735.91
17/09/2007,3652.83,3652.83,3652.83,3652.83
14/09/2007,3656.53,3656.53,3656.53,3656.53
13/09/2007,3646.56,3646.56,3646.56,3646.56
12/09/2007,3622.91,3622.91,3622.91,3622.91
11/09/2007,3600.98,3600.98,3600.98,3600.98
10/09/2007,3534.36,3534.36,3534.36,3534.36
7/09/2007,3545.38,3545.38,3545.38,3545.38
6/09/2007,3591.92,3591.92,3591.92,3591.92
5/09/2007,3547.61,3547.61,3547.61,3547.61
4/09/2007,3567.34,3567.34,3567.34,3567.34
3/09/2007,3518.78,3518.78,3518.78,3518.78
31/08/2007,3514.17,3514.17,3514.17,3514.17
30/08/2007,3450.27,3450.27,3450.27,3450.27
29/08/2007,3421.88,3421.88,3421.88,3421.88
28/08/2007,3360.7,3360.7,3360.7,3360.7
27/08/2007,3429.35,3429.35,3429.35,3429.35
24/08/2007,3438.18,3438.18,3438.18,3438.18
23/08/2007,3379.18,3379.18,3379.18,3379.18
22/08/2007,3365.96,3365.96,3365.96,3365.96
21/08/2007,3293.77,3293.77,3293.77,3293.77
20/08/2007,3284.78,3284.78,3284.78,3284.78
17/08/2007,3241.95,3241.95,3241.95,3241.95
16/08/2007,3184.91,3184.91,3184.91,3184.91
15/08/2007,3294.96,3294.96,3294.96,3294.96
14/08/2007,3367.08,3367.08,3367.08,3367.08
13/08/2007,3415.29,3415.29,3415.29,3415.29
10/08/2007,3392.46,3392.46,3392.46,3392.46
9/08/2007,3430.23,3430.23,3430.23,3430.23
8/08/2007,3527.39,3527.39,3527.39,3527.39
7/08/2007,3448.32,3448.32,3448.32,3448.32
6/08/2007,3407.25,3407.25,3407.25,3407.25
3/08/2007,3414.21,3414.21,3414.21,3414.21
2/08/2007,3468.29,3468.29,3468.29,3468.29
1/08/2007,3458.01,3458.01,3458.01,3458.01
31/07/2007,3501.08,3501.08,3501.08,3501.08
30/07/2007,3488.21,3488.21,3488.21,3488.21
27/07/2007,3435.94,3435.94,3435.94,3435.94
26/07/2007,3509.11,3509.11,3509.11,3509.11
25/07/2007,3610.28,3610.28,3610.28,3610.28
24/07/2007,3646.11,3646.11,3646.11,3646.11
23/07/2007,3715.16,3715.16,3715.16,3715.16
20/07/2007,3698.65,3698.65,3698.65,3698.65
19/07/2007,3725.99,3725.99,3725.99,3725.99
18/07/2007,3686.01,3686.01,3686.01,3686.01
17/07/2007,3680.22,3680.22,3680.22,3680.22
16/07/2007,3695.37,3695.37,3695.37,3695.37
13/07/2007,3716.18,3716.18,3716.18,3716.18
12/07/2007,3674.18,3674.18,3674.18,3674.18
11/07/2007,3602.77,3602.77,3602.77,3602.77
10/07/2007,3587.29,3587.29,3587.29,3587.29
9/07/2007,3629.66,3629.66,3629.66,3629.66
6/07/2007,3589.25,3589.25,3589.25,3589.25
5/07/2007,3547.66,3547.66,3547.66,3547.66
4/07/2007,3546.48,3546.48,3546.48,3546.48
3/07/2007,3544.65,3544.65,3544.65,3544.65
2/07/2007,3532.07,3532.07,3532.07,3532.07
29/06/2007,3474.5,3474.5,3474.5,3474.5
28/06/2007,3438,3438,3438,3438
27/06/2007,3407.49,3407.49,3407.49,3407.49
26/06/2007,3419.44,3419.44,3419.44,3419.44
25/06/2007,3455.23,3455.23,3455.23,3455.23
22/06/2007,3478.38,3478.38,3478.38,3478.38
21/06/2007,3492.89,3492.89,3492.89,3492.89
20/06/2007,3468.49,3468.49,3468.49,3468.49
19/06/2007,3513.23,3513.23,3513.23,3513.23
18/06/2007,3503.03,3503.03,3503.03,3503.03
15/06/2007,3476.6,3476.6,3476.6,3476.6
14/06/2007,3424.76,3424.76,3424.76,3424.76
13/06/2007,3366.76,3366.76,3366.76,3366.76
12/06/2007,3316.19,3316.19,3316.19,3316.19
11/06/2007,3338.71,3338.71,3338.71,3338.71
8/06/2007,3319.68,3319.68,3319.68,3319.68
7/06/2007,3305.83,3305.83,3305.83,3305.83
6/06/2007,3359.73,3359.73,3359.73,3359.73
5/06/2007,3405.53,3405.53,3405.53,3405.53
4/06/2007,3404.33,3404.33,3404.33,3404.33
1/06/2007,3387.61,3387.61,3387.61,3387.61
31/05/2007,3347.67,3347.67,3347.67,3347.67
30/05/2007,3326.14,3326.14,3326.14,3326.14
29/05/2007,3293.89,3293.89,3293.89,3293.89
28/05/2007,3310.6,3310.6,3310.6,3310.6
25/05/2007,3301.26,3301.26,3301.26,3301.26
24/05/2007,3275.35,3275.35,3275.35,3275.35
23/05/2007,3330.07,3330.07,3330.07,3330.07
22/05/2007,3334.57,3334.57,3334.57,3334.57
21/05/2007,3342.31,3342.31,3342.31,3342.31
18/05/2007,3323.92,3323.92,3323.92,3323.92
17/05/2007,3297.42,3297.42,3297.42,3297.42
16/05/2007,3282.84,3282.84,3282.84,3282.84
15/05/2007,3272.14,3272.14,3272.14,3272.14
14/05/2007,3246.94,3246.94,3246.94,3246.94
11/05/2007,3252.51,3252.51,3252.51,3252.51
10/05/2007,3216.14,3216.14,3216.14,3216.14
9/05/2007,3256.84,3256.84,3256.84,3256.84
8/05/2007,3231.4,3231.4,3231.4,3231.4
7/05/2007,3255.36,3255.36,3255.36,3255.36
4/05/2007,3232.98,3232.98,3232.98,3232.98
3/05/2007,3216.06,3216.06,3216.06,3216.06
2/05/2007,3185.79,3185.79,3185.79,3185.79
1/05/2007,3156.66,3156.66,3156.66,3156.66
30/04/2007,3175.18,3175.18,3175.18,3175.18
27/04/2007,3210.87,3210.87,3210.87,3210.87
26/04/2007,3223.4,3223.4,3223.4,3223.4
25/04/2007,3232.8,3232.8,3232.8,3232.8
24/04/2007,3196.69,3196.69,3196.69,3196.69
23/04/2007,3206.63,3206.63,3206.63,3206.63
20/04/2007,3203.2,3203.2,3203.2,3203.2
19/04/2007,3160.82,3160.82,3160.82,3160.82
18/04/2007,3196.48,3196.48,3196.48,3196.48
17/04/2007,3207.38,3207.38,3207.38,3207.38
16/04/2007,3211.09,3211.09,3211.09,3211.09
13/04/2007,3181.42,3181.42,3181.42,3181.42
12/04/2007,3152.22,3152.22,3152.22,3152.22
11/04/2007,3127.78,3127.78,3127.78,3127.78
10/04/2007,3130.81,3130.81,3130.81,3130.81
9/04/2007,3113.07,3113.07,3113.07,3113.07
6/04/2007,3100.79,3100.79,3100.79,3100.79
5/04/2007,3101.53,3101.53,3101.53,3101.53
4/04/2007,3089.42,3089.42,3089.42,3089.42
3/04/2007,3068.53,3068.53,3068.53,3068.53
2/04/2007,3039.88,3039.88,3039.88,3039.88
30/03/2007,3035.81,3035.81,3035.81,3035.81
29/03/2007,3038.95,3038.95,3038.95,3038.95
28/03/2007,3004.88,3004.88,3004.88,3004.88
27/03/2007,3010.52,3010.52,3010.52,3010.52
26/03/2007,3019.93,3019.93,3019.93,3019.93
23/03/2007,3011.7,3011.7,3011.7,3011.7
22/03/2007,2994.95,2994.95,2994.95,2994.95
21/03/2007,2969.9,2969.9,2969.9,2969.9
20/03/2007,2922.34,2922.34,2922.34,2922.34
19/03/2007,2905.71,2905.71,2905.71,2905.71
16/03/2007,2861.63,2861.63,2861.63,2861.63
15/03/2007,2878.16,2878.16,2878.16,2878.16
14/03/2007,2846.91,2846.91,2846.91,2846.91
13/03/2007,2864.88,2864.88,2864.88,2864.88
12/03/2007,2916.96,2916.96,2916.96,2916.96
9/03/2007,2905.26,2905.26,2905.26,2905.26
8/03/2007,2903.67,2903.67,2903.67,2903.67
7/03/2007,2866.01,2866.01,2866.01,2866.01
6/03/2007,2821.44,2821.44,2821.44,2821.44
5/03/2007,2762.95,2762.95,2762.95,2762.95
2/03/2007,2823.17,2823.17,2823.17,2823.17
1/03/2007,2864.11,2864.11,2864.11,2864.11
28/02/2007,2888.5,2888.5,2888.5,2888.5
27/02/2007,2913.02,2913.02,2913.02,2913.02
26/02/2007,3028.87,3028.87,3028.87,3028.87
23/02/2007,3016.15,3016.15,3016.15,3016.15
22/02/2007,3003.46,3003.46,3003.46,3003.46
21/02/2007,2993.82,2993.82,2993.82,2993.82
20/02/2007,2976.95,2976.95,2976.95,2976.95
19/02/2007,2982.71,2982.71,2982.71,2982.71
16/02/2007,2970.62,2970.62,2970.62,2970.62
15/02/2007,2966.64,2966.64,2966.64,2966.64
14/02/2007,2953.19,2953.19,2953.19,2953.19
13/02/2007,2908.33,2908.33,2908.33,2908.33
12/02/2007,2865.51,2865.51,2865.51,2865.51
9/02/2007,2886.02,2886.02,2886.02,2886.02
8/02/2007,2889.69,2889.69,2889.69,2889.69
7/02/2007,2901.79,2901.79,2901.79,2901.79
6/02/2007,2894.57,2894.57,2894.57,2894.57
5/02/2007,2891.04,2891.04,2891.04,2891.04
2/02/2007,2905.02,2905.02,2905.02,2905.02
1/02/2007,2910.73,2910.73,2910.73,2910.73
31/01/2007,2853.53,2853.53,2853.53,2853.53
30/01/2007,2840.66,2840.66,2840.66,2840.66
29/01/2007,2815.69,2815.69,2815.69,2815.69
26/01/2007,2816.27,2816.27,2816.27,2816.27
25/01/2007,2821.19,2821.19,2821.19,2821.19
24/01/2007,2851.52,2851.52,2851.52,2851.52
23/01/2007,2836.41,2836.41,2836.41,2836.41
22/01/2007,2779.78,2779.78,2779.78,2779.78
19/01/2007,2791.08,2791.08,2791.08,2791.08
18/01/2007,2761.9,2761.9,2761.9,2761.9
17/01/2007,2771.1,2771.1,2771.1,2771.1
16/01/2007,2768.43,2768.43,2768.43,2768.43
15/01/2007,2777.04,2777.04,2777.04,2777.04
12/01/2007,2756.96,2756.96,2756.96,2756.96
11/01/2007,2708.58,2708.58,2708.58,2708.58
10/01/2007,2679.37,2679.37,2679.37,2679.37
9/01/2007,2703.6,2703.6,2703.6,2703.6
8/01/2007,2728.28,2728.28,2728.28,2728.28
5/01/2007,2725.82,2725.82,2725.82,2725.82
4/01/2007,2757.01,2757.01,2757.01,2757.01
3/01/2007,2818.98,2818.98,2818.98,2818.98
2/01/2007,2873.03,2873.03,2873.03,2873.03
1/01/2007,2845.9,2845.9,2845.9,2845.9
29/12/2006,2845.9,2845.9,2845.9,2845.9
28/12/2006,2858.06,2858.06,2858.06,2858.06
27/12/2006,2849.47,2849.47,2849.47,2849.47
26/12/2006,2814.44,2814.44,2814.44,2814.44
25/12/2006,2801.26,2801.26,2801.26,2801.26
22/12/2006,2802.26,2802.26,2802.26,2802.26
21/12/2006,2815.41,2815.41,2815.41,2815.41
20/12/2006,2837.6,2837.6,2837.6,2837.6
19/12/2006,2833.01,2833.01,2833.01,2833.01
18/12/2006,2818.35,2818.35,2818.35,2818.35
15/12/2006,2853.43,2853.43,2853.43,2853.43
14/12/2006,2850.17,2850.17,2850.17,2850.17
13/12/2006,2827.07,2827.07,2827.07,2827.07
12/12/2006,2823.76,2823.76,2823.76,2823.76
11/12/2006,2837.69,2837.69,2837.69,2837.69
8/12/2006,2843.13,2843.13,2843.13,2843.13
7/12/2006,2845.44,2845.44,2845.44,2845.44
6/12/2006,2854.2,2854.2,2854.2,2854.2
5/12/2006,2854.65,2854.65,2854.65,2854.65
4/12/2006,2840.69,2840.69,2840.69,2840.69
1/12/2006,2819.03,2819.03,2819.03,2819.03
30/11/2006,2821.96,2821.96,2821.96,2821.96
29/11/2006,2795.25,2795.25,2795.25,2795.25
28/11/2006,2737.29,2737.29,2737.29,2737.29
27/11/2006,2733.72,2733.72,2733.72,2733.72
24/11/2006,2758.88,2758.88,2758.88,2758.88
23/11/2006,2758.18,2758.18,2758.18,2758.18
22/11/2006,2750.9,2750.9,2750.9,2750.9
21/11/2006,2729.62,2729.62,2729.62,2729.62
20/11/2006,2683.73,2683.73,2683.73,2683.73
17/11/2006,2684.49,2684.49,2684.49,2684.49
16/11/2006,2707.45,2707.45,2707.45,2707.45
15/11/2006,2725.44,2725.44,2725.44,2725.44
14/11/2006,2718.65,2718.65,2718.65,2718.65
13/11/2006,2708.36,2708.36,2708.36,2708.36
10/11/2006,2715.3,2715.3,2715.3,2715.3
9/11/2006,2722.69,2722.69,2722.69,2722.69
8/11/2006,2703.44,2703.44,2703.44,2703.44
7/11/2006,2681.64,2681.64,2681.64,2681.64
6/11/2006,2676.42,2676.42,2676.42,2676.42
3/11/2006,2644.41,2644.41,2644.41,2644.41
2/11/2006,2631.67,2631.67,2631.67,2631.67
1/11/2006,2634.65,2634.65,2634.65,2634.65
31/10/2006,2638.65,2638.65,2638.65,2638.65
30/10/2006,2624.9,2624.9,2624.9,2624.9
27/10/2006,2644.1,2644.1,2644.1,2644.1
26/10/2006,2655.44,2655.44,2655.44,2655.44
25/10/2006,2635.59,2635.59,2635.59,2635.59
24/10/2006,2593.93,2593.93,2593.93,2593.93
23/10/2006,2575.39,2575.39,2575.39,2575.39
20/10/2006,2583.96,2583.96,2583.96,2583.96
19/10/2006,2600.79,2600.79,2600.79,2600.79
18/10/2006,2569.45,2569.45,2569.45,2569.45
17/10/2006,2562.27,2562.27,2562.27,2562.27
16/10/2006,2585.79,2585.79,2585.79,2585.79
13/10/2006,2555.03,2555.03,2555.03,2555.03
12/10/2006,2523.58,2523.58,2523.58,2523.58
11/10/2006,2487.53,2487.53,2487.53,2487.53
10/10/2006,2515.45,2515.45,2515.45,2515.45
9/10/2006,2520.91,2520.91,2520.91,2520.91
6/10/2006,2500.75,2500.75,2500.75,2500.75
5/10/2006,2514.26,2514.26,2514.26,2514.26
4/10/2006,2470.27,2470.27,2470.27,2470.27
3/10/2006,2465.03,2465.03,2465.03,2465.03
2/10/2006,2514.39,2514.39,2514.39,2514.39
29/09/2006,2509.72,2509.72,2509.72,2509.72
28/09/2006,2519.39,2519.39,2519.39,2519.39
27/09/2006,2503.22,2503.22,2503.22,2503.22
26/09/2006,2482.26,2482.26,2482.26,2482.26
25/09/2006,2427.25,2427.25,2427.25,2427.25
22/09/2006,2448.66,2448.66,2448.66,2448.66
21/09/2006,2464.83,2464.83,2464.83,2464.83
20/09/2006,2453.85,2453.85,2453.85,2453.85
19/09/2006,2465.85,2465.85,2465.85,2465.85
18/09/2006,2479.91,2479.91,2479.91,2479.91
15/09/2006,2436.85,2436.85,2436.85,2436.85
14/09/2006,2450.85,2450.85,2450.85,2450.85
13/09/2006,2463.07,2463.07,2463.07,2463.07
12/09/2006,2446.05,2446.05,2446.05,2446.05
11/09/2006,2452.2,2452.2,2452.2,2452.2
8/09/2006,2527.01,2527.01,2527.01,2527.01
7/09/2006,2545.47,2545.47,2545.47,2545.47
6/09/2006,2581.29,2581.29,2581.29,2581.29
5/09/2006,2630.25,2630.25,2630.25,2630.25
4/09/2006,2615.95,2615.95,2615.95,2615.95
1/09/2006,2601.09,2601.09,2601.09,2601.09
31/08/2006,2580.28,2580.28,2580.28,2580.28
30/08/2006,2576.93,2576.93,2576.93,2576.93
29/08/2006,2575.56,2575.56,2575.56,2575.56
28/08/2006,2589.1,2589.1,2589.1,2589.1
25/08/2006,2595.67,2595.67,2595.67,2595.67
24/08/2006,2591.44,2591.44,2591.44,2591.44
23/08/2006,2598.68,2598.68,2598.68,2598.68
22/08/2006,2614.57,2614.57,2614.57,2614.57
21/08/2006,2609,2609,2609,2609
18/08/2006,2585.81,2585.81,2585.81,2585.81
17/08/2006,2580.33,2580.33,2580.33,2580.33
16/08/2006,2586.23,2586.23,2586.23,2586.23
15/08/2006,2567.48,2567.48,2567.48,2567.48
14/08/2006,2549.44,2549.44,2549.44,2549.44
11/08/2006,2564.12,2564.12,2564.12,2564.12
10/08/2006,2567.89,2567.89,2567.89,2567.89
9/08/2006,2591.16,2591.16,2591.16,2591.16
8/08/2006,2580.67,2580.67,2580.67,2580.67
7/08/2006,2586.75,2586.75,2586.75,2586.75
4/08/2006,2591.89,2591.89,2591.89,2591.89
3/08/2006,2586.37,2586.37,2586.37,2586.37
2/08/2006,2598.06,2598.06,2598.06,2598.06
1/08/2006,2573.1,2573.1,2573.1,2573.1
31/07/2006,2575.4,2575.4,2575.4,2575.4
28/07/2006,2573.59,2573.59,2573.59,2573.59
27/07/2006,2546.93,2546.93,2546.93,2546.93
26/07/2006,2518.77,2518.77,2518.77,2518.77
25/07/2006,2494.73,2494.73,2494.73,2494.73
24/07/2006,2460.75,2460.75,2460.75,2460.75
21/07/2006,2422.15,2422.15,2422.15,2422.15
20/07/2006,2459.25,2459.25,2459.25,2459.25
19/07/2006,2492.38,2492.38,2492.38,2492.38
18/07/2006,2441.74,2441.74,2441.74,2441.74
17/07/2006,2442.27,2442.27,2442.27,2442.27
14/07/2006,2494.78,2494.78,2494.78,2494.78
13/07/2006,2503.39,2503.39,2503.39,2503.39
12/07/2006,2552.5,2552.5,2552.5,2552.5
11/07/2006,2557.59,2557.59,2557.59,2557.59
10/07/2006,2542.26,2542.26,2542.26,2542.26
7/07/2006,2541.79,2541.79,2541.79,2541.79
6/07/2006,2544.58,2544.58,2544.58,2544.58
5/07/2006,2527.24,2527.24,2527.24,2527.24
4/07/2006,2563.12,2563.12,2563.12,2563.12
3/07/2006,2556.62,2556.62,2556.62,2556.62
30/06/2006,2521.38,2521.38,2521.38,2521.38
29/06/2006,2478.86,2478.86,2478.86,2478.86
28/06/2006,2398.31,2398.31,2398.31,2398.31
27/06/2006,2383.72,2383.72,2383.72,2383.72
26/06/2006,2382.32,2382.32,2382.32,2382.32
23/06/2006,2373.87,2373.87,2373.87,2373.87
22/06/2006,2356.57,2356.57,2356.57,2356.57
21/06/2006,2357.96,2357.96,2357.96,2357.96
20/06/2006,2328.73,2328.73,2328.73,2328.73
19/06/2006,2316.42,2316.42,2316.42,2316.42
16/06/2006,2363.14,2363.14,2363.14,2363.14
15/06/2006,2368.12,2368.12,2368.12,2368.12
14/06/2006,2288.06,2288.06,2288.06,2288.06
13/06/2006,2260.37,2260.37,2260.37,2260.37
12/06/2006,2327.76,2327.76,2327.76,2327.76
9/06/2006,2374.43,2374.43,2374.43,2374.43
8/06/2006,2358,2358,2358,2358
7/06/2006,2417.87,2417.87,2417.87,2417.87
6/06/2006,2464.46,2464.46,2464.46,2464.46
5/06/2006,2511.57,2511.57,2511.57,2511.57
2/06/2006,2553.94,2553.94,2553.94,2553.94
1/06/2006,2535.85,2535.85,2535.85,2535.85
31/05/2006,2522.66,2522.66,2522.66,2522.66
30/05/2006,2507.04,2507.04,2507.04,2507.04
29/05/2006,2557.01,2557.01,2557.01,2557.01
26/05/2006,2547.33,2547.33,2547.33,2547.33
25/05/2006,2505.23,2505.23,2505.23,2505.23
24/05/2006,2446.53,2446.53,2446.53,2446.53
23/05/2006,2480.73,2480.73,2480.73,2480.73
22/05/2006,2434.79,2434.79,2434.79,2434.79
19/05/2006,2483.61,2483.61,2483.61,2483.61
18/05/2006,2495.51,2495.51,2495.51,2495.51
17/05/2006,2535.01,2535.01,2535.01,2535.01
16/05/2006,2602.83,2602.83,2602.83,2602.83
15/05/2006,2597.04,2597.04,2597.04,2597.04
12/05/2006,2670.56,2670.56,2670.56,2670.56
11/05/2006,2731.74,2731.74,2731.74,2731.74
10/05/2006,2749.52,2749.52,2749.52,2749.52
9/05/2006,2745.7,2745.7,2745.7,2745.7
8/05/2006,2706.08,2706.08,2706.08,2706.08
5/05/2006,2698.61,2698.61,2698.61,2698.61
4/05/2006,2666.16,2666.16,2666.16,2666.16
3/05/2006,2666.2,2666.2,2666.2,2666.2
2/05/2006,2678.24,2678.24,2678.24,2678.24
1/05/2006,2602.92,2602.92,2602.92,2602.92
28/04/2006,2576.38,2576.38,2576.38,2576.38
27/04/2006,2563.07,2563.07,2563.07,2563.07
26/04/2006,2593.08,2593.08,2593.08,2593.08
25/04/2006,2587.46,2587.46,2587.46,2587.46
24/04/2006,2608.01,2608.01,2608.01,2608.01
21/04/2006,2616.46,2616.46,2616.46,2616.46
20/04/2006,2576.43,2576.43,2576.43,2576.43
19/04/2006,2609.61,2609.61,2609.61,2609.61
18/04/2006,2576.63,2576.63,2576.63,2576.63
17/04/2006,2505.54,2505.54,2505.54,2505.54
14/04/2006,2492.4,2492.4,2492.4,2492.4
13/04/2006,2491.83,2491.83,2491.83,2491.83
12/04/2006,2493.64,2493.64,2493.64,2493.64
11/04/2006,2491.77,2491.77,2491.77,2491.77
10/04/2006,2500.19,2500.19,2500.19,2500.19
7/04/2006,2484.12,2484.12,2484.12,2484.12
6/04/2006,2508.48,2508.48,2508.48,2508.48
5/04/2006,2505.14,2505.14,2505.14,2505.14
4/04/2006,2472.79,2472.79,2472.79,2472.79
3/04/2006,2457.89,2457.89,2457.89,2457.89
31/03/2006,2418.36,2418.36,2418.36,2418.36
30/03/2006,2437.9,2437.9,2437.9,2437.9
29/03/2006,2407.3,2407.3,2407.3,2407.3
28/03/2006,2388.31,2388.31,2388.31,2388.31
27/03/2006,2387.09,2387.09,2387.09,2387.09
24/03/2006,2382.58,2382.58,2382.58,2382.58
23/03/2006,2360.03,2360.03,2360.03,2360.03
22/03/2006,2358.18,2358.18,2358.18,2358.18
21/03/2006,2350.45,2350.45,2350.45,2350.45
20/03/2006,2372.15,2372.15,2372.15,2372.15
17/03/2006,2384.23,2384.23,2384.23,2384.23
16/03/2006,2384.05,2384.05,2384.05,2384.05
15/03/2006,2365.45,2365.45,2365.45,2365.45
14/03/2006,2346.86,2346.86,2346.86,2346.86
13/03/2006,2316.96,2316.96,2316.96,2316.96
10/03/2006,2287.53,2287.53,2287.53,2287.53
9/03/2006,2276.45,2276.45,2276.45,2276.45
8/03/2006,2278.5,2278.5,2278.5,2278.5
7/03/2006,2307.63,2307.63,2307.63,2307.63
6/03/2006,2356,2356,2356,2356
3/03/2006,2384.72,2384.72,2384.72,2384.72
2/03/2006,2373.07,2373.07,2373.07,2373.07
1/03/2006,2352.94,2352.94,2352.94,2352.94
28/02/2006,2332.97,2332.97,2332.97,2332.97
27/02/2006,2358.97,2358.97,2358.97,2358.97
24/02/2006,2361.61,2361.61,2361.61,2361.61
23/02/2006,2355.74,2355.74,2355.74,2355.74
22/02/2006,2359.97,2359.97,2359.97,2359.97
21/02/2006,2358.67,2358.67,2358.67,2358.67
20/02/2006,2345.74,2345.74,2345.74,2345.74
17/02/2006,2332.36,2332.36,2332.36,2332.36
16/02/2006,2306.67,2306.67,2306.67,2306.67
15/02/2006,2292.6,2292.6,2292.6,2292.6
14/02/2006,2297.86,2297.86,2297.86,2297.86
13/02/2006,2292.67,2292.67,2292.67,2292.67
10/02/2006,2308.76,2308.76,2308.76,2308.76
9/02/2006,2329.74,2329.74,2329.74,2329.74
8/02/2006,2316.23,2316.23,2316.23,2316.23
7/02/2006,2331.88,2331.88,2331.88,2331.88
6/02/2006,2384.49,2384.49,2384.49,2384.49
3/02/2006,2362.09,2362.09,2362.09,2362.09
2/02/2006,2374.54,2374.54,2374.54,2374.54
1/02/2006,2400.71,2400.71,2400.71,2400.71
31/01/2006,2394.25,2394.25,2394.25,2394.25
30/01/2006,2377.44,2377.44,2377.44,2377.44
27/01/2006,2357.52,2357.52,2357.52,2357.52
26/01/2006,2324.21,2324.21,2324.21,2324.21
25/01/2006,2314.9,2314.9,2314.9,2314.9
24/01/2006,2308.23,2308.23,2308.23,2308.23
23/01/2006,2299.28,2299.28,2299.28,2299.28
20/01/2006,2278.49,2278.49,2278.49,2278.49
19/01/2006,2287.57,2287.57,2287.57,2287.57
18/01/2006,2251.07,2251.07,2251.07,2251.07
17/01/2006,2273.56,2273.56,2273.56,2273.56
16/01/2006,2272.79,2272.79,2272.79,2272.79
13/01/2006,2261.75,2261.75,2261.75,2261.75
12/01/2006,2257.16,2257.16,2257.16,2257.16
11/01/2006,2254.44,2254.44,2254.44,2254.44
10/01/2006,2245.28,2245.28,2245.28,2245.28
9/01/2006,2250.01,2250.01,2250.01,2250.01
6/01/2006,2241.51,2241.51,2241.51,2241.51
5/01/2006,2210.77,2210.77,2210.77,2210.77
4/01/2006,2222.89,2222.89,2222.89,2222.89
3/01/2006,2188.98,2188.98,2188.98,2188.98
2/01/2006,2127.64,2127.64,2127.64,2127.64
30/12/2005,2125.8,2125.8,2125.8,2125.8
29/12/2005,2133.83,2133.83,2133.83,2133.83
28/12/2005,2128.98,2128.98,2128.98,2128.98
27/12/2005,2122.39,2122.39,2122.39,2122.39
26/12/2005,2140.79,2140.79,2140.79,2140.79
23/12/2005,2140.91,2140.91,2140.91,2140.91
22/12/2005,2139.52,2139.52,2139.52,2139.52
21/12/2005,2127.77,2127.77,2127.77,2127.77
20/12/2005,2114.41,2114.41,2114.41,2114.41
19/12/2005,2114.64,2114.64,2114.64,2114.64
16/12/2005,2125.91,2125.91,2125.91,2125.91
15/12/2005,2133.05,2133.05,2133.05,2133.05
14/12/2005,2142.95,2142.95,2142.95,2142.95
13/12/2005,2146.38,2146.38,2146.38,2146.38
12/12/2005,2140.78,2140.78,2140.78,2140.78
9/12/2005,2130.44,2130.44,2130.44,2130.44
8/12/2005,2135.63,2135.63,2135.63,2135.63
7/12/2005,2119.06,2119.06,2119.06,2119.06
6/12/2005,2119.8,2119.8,2119.8,2119.8
5/12/2005,2104.96,2104.96,2104.96,2104.96
2/12/2005,2095.36,2095.36,2095.36,2095.36
1/12/2005,2084.17,2084.17,2084.17,2084.17
30/11/2005,2049.52,2049.52,2049.52,2049.52
29/11/2005,2060.2,2060.2,2060.2,2060.2
28/11/2005,2059.59,2059.59,2059.59,2059.59
25/11/2005,2078.21,2078.21,2078.21,2078.21
24/11/2005,2072.51,2072.51,2072.51,2072.51
23/11/2005,2069.96,2069.96,2069.96,2069.96
22/11/2005,2068.66,2068.66,2068.66,2068.66
21/11/2005,2049.75,2049.75,2049.75,2049.75
18/11/2005,2030.35,2030.35,2030.35,2030.35
17/11/2005,2025.66,2025.66,2025.66,2025.66
16/11/2005,2005.89,2005.89,2005.89,2005.89
15/11/2005,1999.21,1999.21,1999.21,1999.21
14/11/2005,2005.79,2005.79,2005.79,2005.79
11/11/2005,1998.86,1998.86,1998.86,1998.86
10/11/2005,1981.44,1981.44,1981.44,1981.44
9/11/2005,1991.45,1991.45,1991.45,1991.45
8/11/2005,1988.93,1988.93,1988.93,1988.93
7/11/2005,1989.17,1989.17,1989.17,1989.17
4/11/2005,1995.61,1995.61,1995.61,1995.61
3/11/2005,2022.88,2022.88,2022.88,2022.88
2/11/2005,2007.5,2007.5,2007.5,2007.5
1/11/2005,1979.59,1979.59,1979.59,1979.59
31/10/2005,1971.43,1971.43,1971.43,1971.43
28/10/2005,1944.17,1944.17,1944.17,1944.17
27/10/2005,1918.32,1918.32,1918.32,1918.32
26/10/2005,1950.81,1950.81,1950.81,1950.81
25/10/2005,1954.04,1954.04,1954.04,1954.04
24/10/2005,1941.71,1941.71,1941.71,1941.71
21/10/2005,1906.94,1906.94,1906.94,1906.94
20/10/2005,1901,1901,1901,1901
19/10/2005,1926.8,1926.8,1926.8,1926.8
18/10/2005,1932.21,1932.21,1932.21,1932.21
17/10/2005,1971.37,1971.37,1971.37,1971.37
14/10/2005,1959.72,1959.72,1959.72,1959.72
13/10/2005,1954.44,1954.44,1954.44,1954.44
12/10/2005,1986.48,1986.48,1986.48,1986.48
11/10/2005,2003.82,2003.82,2003.82,2003.82
10/10/2005,1993.53,1993.53,1993.53,1993.53
7/10/2005,2003.21,2003.21,2003.21,2003.21
6/10/2005,1988.53,1988.53,1988.53,1988.53
5/10/2005,2006.03,2006.03,2006.03,2006.03
4/10/2005,2062.47,2062.47,2062.47,2062.47
3/10/2005,2090.24,2090.24,2090.24,2090.24
30/09/2005,2102.81,2102.81,2102.81,2102.81
29/09/2005,2102.26,2102.26,2102.26,2102.26
28/09/2005,2085.13,2085.13,2085.13,2085.13
27/09/2005,2073.44,2073.44,2073.44,2073.44
26/09/2005,2061.98,2061.98,2061.98,2061.98
23/09/2005,2050.64,2050.64,2050.64,2050.64
22/09/2005,2055.65,2055.65,2055.65,2055.65
21/09/2005,2068.14,2068.14,2068.14,2068.14
20/09/2005,2063.65,2063.65,2063.65,2063.65
19/09/2005,2073.94,2073.94,2073.94,2073.94
16/09/2005,2069.96,2069.96,2069.96,2069.96
15/09/2005,2048.43,2048.43,2048.43,2048.43
14/09/2005,2043.13,2043.13,2043.13,2043.13
13/09/2005,2035.65,2035.65,2035.65,2035.65
12/09/2005,2057.73,2057.73,2057.73,2057.73
9/09/2005,2069.1,2069.1,2069.1,2069.1
8/09/2005,2043.64,2043.64,2043.64,2043.64
7/09/2005,2047.13,2047.13,2047.13,2047.13
6/09/2005,2049.78,2049.78,2049.78,2049.78
5/09/2005,2040.47,2040.47,2040.47,2040.47
2/09/2005,2042.41,2042.41,2042.41,2042.41
1/09/2005,2044.08,2044.08,2044.08,2044.08
31/08/2005,2000.32,2000.32,2000.32,2000.32
30/08/2005,1964.89,1964.89,1964.89,1964.89
29/08/2005,1959.81,1959.81,1959.81,1959.81
26/08/2005,1956.41,1956.41,1956.41,1956.41
25/08/2005,1961.38,1961.38,1961.38,1961.38
24/08/2005,1958.71,1958.71,1958.71,1958.71
23/08/2005,1966.33,1966.33,1966.33,1966.33
22/08/2005,1979.95,1979.95,1979.95,1979.95
19/08/2005,1962.6,1962.6,1962.6,1962.6
18/08/2005,1942.65,1942.65,1942.65,1942.65
17/08/2005,1968.55,1968.55,1968.55,1968.55
16/08/2005,1989.05,1989.05,1989.05,1989.05
15/08/2005,2027.72,2027.72,2027.72,2027.72
12/08/2005,2036.07,2036.07,2036.07,2036.07
11/08/2005,2038.36,2038.36,2038.36,2038.36
10/08/2005,2017.79,2017.79,2017.79,2017.79
9/08/2005,1999.49,1999.49,1999.49,1999.49
8/08/2005,1991.12,1991.12,1991.12,1991.12
5/08/2005,1974.02,1974.02,1974.02,1974.02
4/08/2005,1990.37,1990.37,1990.37,1990.37
3/08/2005,1996.2,1996.2,1996.2,1996.2
2/08/2005,1981.51,1981.51,1981.51,1981.51
1/08/2005,1951.14,1951.14,1951.14,1951.14
29/07/2005,1953.84,1953.84,1953.84,1953.84
28/07/2005,1950.38,1950.38,1950.38,1950.38
27/07/2005,1928.94,1928.94,1928.94,1928.94
26/07/2005,1914.13,1914.13,1914.13,1914.13
25/07/2005,1932.91,1932.91,1932.91,1932.91
22/07/2005,1931.32,1931.32,1931.32,1931.32
21/07/2005,1908.31,1908.31,1908.31,1908.31
20/07/2005,1910.84,1910.84,1910.84,1910.84
19/07/2005,1896.95,1896.95,1896.95,1896.95
18/07/2005,1877.82,1877.82,1877.82,1877.82
15/07/2005,1877.16,1877.16,1877.16,1877.16
14/07/2005,1889.65,1889.65,1889.65,1889.65
13/07/2005,1898.73,1898.73,1898.73,1898.73
12/07/2005,1907.29,1907.29,1907.29,1907.29
11/07/2005,1899.57,1899.57,1899.57,1899.57
8/07/2005,1881.97,1881.97,1881.97,1881.97
7/07/2005,1862.76,1862.76,1862.76,1862.76
6/07/2005,1866.45,1866.45,1866.45,1866.45
5/07/2005,1863.83,1863.83,1863.83,1863.83
4/07/2005,1851.75,1851.75,1851.75,1851.75
1/07/2005,1848.14,1848.14,1848.14,1848.14
30/06/2005,1837.87,1837.87,1837.87,1837.87
29/06/2005,1847.27,1847.27,1847.27,1847.27
28/06/2005,1860.46,1860.46,1860.46,1860.46
27/06/2005,1849.41,1849.41,1849.41,1849.41
24/06/2005,1846.78,1846.78,1846.78,1846.78
23/06/2005,1856.01,1856.01,1856.01,1856.01
22/06/2005,1870.31,1870.31,1870.31,1870.31
21/06/2005,1864.65,1864.65,1864.65,1864.65
20/06/2005,1872.4,1872.4,1872.4,1872.4
17/06/2005,1873.69,1873.69,1873.69,1873.69
16/06/2005,1856.82,1856.82,1856.82,1856.82
15/06/2005,1833.12,1833.12,1833.12,1833.12
14/06/2005,1819.74,1819.74,1819.74,1819.74
13/06/2005,1811.39,1811.39,1811.39,1811.39
10/06/2005,1800.99,1800.99,1800.99,1800.99
9/06/2005,1790.58,1790.58,1790.58,1790.58
8/06/2005,1782.7,1782.7,1782.7,1782.7
7/06/2005,1781.39,1781.39,1781.39,1781.39
6/06/2005,1773.47,1773.47,1773.47,1773.47
3/06/2005,1770.59,1770.59,1770.59,1770.59
2/06/2005,1771.03,1771.03,1771.03,1771.03
1/06/2005,1764.44,1764.44,1764.44,1764.44
31/05/2005,1745.55,1745.55,1745.55,1745.55
30/05/2005,1759.31,1759.31,1759.31,1759.31
27/05/2005,1756.66,1756.66,1756.66,1756.66
26/05/2005,1744.74,1744.74,1744.74,1744.74
25/05/2005,1729.18,1729.18,1729.18,1729.18
24/05/2005,1729.08,1729.08,1729.08,1729.08
23/05/2005,1717.5,1717.5,1717.5,1717.5
20/05/2005,1703.86,1703.86,1703.86,1703.86
19/05/2005,1714.98,1714.98,1714.98,1714.98
18/05/2005,1705.04,1705.04,1705.04,1705.04
17/05/2005,1682.56,1682.56,1682.56,1682.56
16/05/2005,1664.38,1664.38,1664.38,1664.38
13/05/2005,1675.49,1675.49,1675.49,1675.49
12/05/2005,1701.78,1701.78,1701.78,1701.78
11/05/2005,1736.03,1736.03,1736.03,1736.03
10/05/2005,1739.63,1739.63,1739.63,1739.63
9/05/2005,1750.05,1750.05,1750.05,1750.05
6/05/2005,1743.75,1743.75,1743.75,1743.75
5/05/2005,1739.56,1739.56,1739.56,1739.56
4/05/2005,1731.48,1731.48,1731.48,1731.48
3/05/2005,1711.85,1711.85,1711.85,1711.85
2/05/2005,1719.28,1719.28,1719.28,1719.28
29/04/2005,1704.94,1704.94,1704.94,1704.94
28/04/2005,1705.5,1705.5,1705.5,1705.5
27/04/2005,1726.05,1726.05,1726.05,1726.05
26/04/2005,1755.01,1755.01,1755.01,1755.01
25/04/2005,1766.94,1766.94,1766.94,1766.94
22/04/2005,1752.5,1752.5,1752.5,1752.5
21/04/2005,1748.06,1748.06,1748.06,1748.06
20/04/2005,1726.8,1726.8,1726.8,1726.8
19/04/2005,1742.95,1742.95,1742.95,1742.95
18/04/2005,1712.25,1712.25,1712.25,1712.25
15/04/2005,1707.79,1707.79,1707.79,1707.79
14/04/2005,1744.28,1744.28,1744.28,1744.28
13/04/2005,1777.91,1777.91,1777.91,1777.91
12/04/2005,1804.88,1804.88,1804.88,1804.88
11/04/2005,1813.35,1813.35,1813.35,1813.35
8/04/2005,1814.91,1814.91,1814.91,1814.91
7/04/2005,1827.1,1827.1,1827.1,1827.1
6/04/2005,1817.23,1817.23,1817.23,1817.23
5/04/2005,1816.18,1816.18,1816.18,1816.18
4/04/2005,1823.63,1823.63,1823.63,1823.63
1/04/2005,1840.55,1840.55,1840.55,1840.55
31/03/2005,1826.74,1826.74,1826.74,1826.74
30/03/2005,1804.11,1804.11,1804.11,1804.11
29/03/2005,1789.04,1789.04,1789.04,1789.04
28/03/2005,1799.46,1799.46,1799.46,1799.46
25/03/2005,1800.86,1800.86,1800.86,1800.86
24/03/2005,1800.76,1800.76,1800.76,1800.76
23/03/2005,1807.12,1807.12,1807.12,1807.12
22/03/2005,1837.89,1837.89,1837.89,1837.89
21/03/2005,1851.25,1851.25,1851.25,1851.25
18/03/2005,1868.67,1868.67,1868.67,1868.67
17/03/2005,1864.95,1864.95,1864.95,1864.95
16/03/2005,1849.13,1849.13,1849.13,1849.13
15/03/2005,1855.01,1855.01,1855.01,1855.01
14/03/2005,1869.14,1869.14,1869.14,1869.14
11/03/2005,1873.71,1873.71,1873.71,1873.71
10/03/2005,1864.5,1864.5,1864.5,1864.5
9/03/2005,1886.48,1886.48,1886.48,1886.48
8/03/2005,1904.05,1904.05,1904.05,1904.05
7/03/2005,1899.3,1899.3,1899.3,1899.3
4/03/2005,1910.23,1910.23,1910.23,1910.23
3/03/2005,1875.02,1875.02,1875.02,1875.02
2/03/2005,1864.24,1864.24,1864.24,1864.24
1/03/2005,1860.25,1860.25,1860.25,1860.25
28/02/2005,1876.86,1876.86,1876.86,1876.86
25/02/2005,1871.19,1871.19,1871.19,1871.19
24/02/2005,1834.71,1834.71,1834.71,1834.71
23/02/2005,1810.52,1810.52,1810.52,1810.52
22/02/2005,1816.76,1816.76,1816.76,1816.76
21/02/2005,1813.84,1813.84,1813.84,1813.84
18/02/2005,1809.52,1809.52,1809.52,1809.52
17/02/2005,1794.54,1794.54,1794.54,1794.54
16/02/2005,1790.2,1790.2,1790.2,1790.2
15/02/2005,1770.62,1770.62,1770.62,1770.62
14/02/2005,1776.98,1776.98,1776.98,1776.98
11/02/2005,1766.49,1766.49,1766.49,1766.49
10/02/2005,1751.01,1751.01,1751.01,1751.01
9/02/2005,1725.65,1725.65,1725.65,1725.65
8/02/2005,1732.69,1732.69,1732.69,1732.69
7/02/2005,1737.94,1737.94,1737.94,1737.94
4/02/2005,1744.72,1744.72,1744.72,1744.72
3/02/2005,1736.1,1736.1,1736.1,1736.1
2/02/2005,1739.09,1739.09,1739.09,1739.09
1/02/2005,1727.76,1727.76,1727.76,1727.76
31/01/2005,1707.73,1707.73,1707.73,1707.73
28/01/2005,1684.1,1684.1,1684.1,1684.1
27/01/2005,1688.2,1688.2,1688.2,1688.2
26/01/2005,1683,1683,1683,1683
25/01/2005,1671.78,1671.78,1671.78,1671.78
24/01/2005,1681.04,1681.04,1681.04,1681.04
21/01/2005,1677.52,1677.52,1677.52,1677.52
20/01/2005,1675.73,1675.73,1675.73,1675.73
19/01/2005,1687.93,1687.93,1687.93,1687.93
18/01/2005,1691.71,1691.71,1691.71,1691.71
17/01/2005,1675.92,1675.92,1675.92,1675.92
14/01/2005,1674.51,1674.51,1674.51,1674.51
13/01/2005,1669.04,1669.04,1669.04,1669.04
12/01/2005,1662.7,1662.7,1662.7,1662.7
11/01/2005,1648.44,1648.44,1648.44,1648.44
10/01/2005,1649.38,1649.38,1649.38,1649.38
7/01/2005,1637.87,1637.87,1637.87,1637.87
6/01/2005,1643.07,1643.07,1643.07,1643.07
5/01/2005,1631.58,1631.58,1631.58,1631.58
4/01/2005,1652.89,1652.89,1652.89,1652.89
3/01/2005,1689.88,1689.88,1689.88,1689.88
31/12/2004,1711.62,1711.62,1711.62,1711.62
30/12/2004,1711.27,1711.27,1711.27,1711.27
29/12/2004,1704.98,1704.98,1704.98,1704.98
28/12/2004,1703.48,1703.48,1703.48,1703.48
27/12/2004,1695.59,1695.59,1695.59,1695.59
24/12/2004,1699.79,1699.79,1699.79,1699.79
23/12/2004,1698.12,1698.12,1698.12,1698.12
22/12/2004,1687.35,1687.35,1687.35,1687.35
21/12/2004,1691.23,1691.23,1691.23,1691.23
20/12/2004,1681.85,1681.85,1681.85,1681.85
17/12/2004,1662.38,1662.38,1662.38,1662.38
16/12/2004,1666.09,1666.09,1666.09,1666.09
15/12/2004,1677.34,1677.34,1677.34,1677.34
14/12/2004,1663.01,1663.01,1663.01,1663.01
13/12/2004,1662.57,1662.57,1662.57,1662.57
10/12/2004,1640.23,1640.23,1640.23,1640.23
9/12/2004,1645.93,1645.93,1645.93,1645.93
8/12/2004,1637.6,1637.6,1637.6,1637.6
7/12/2004,1656.26,1656.26,1656.26,1656.26
6/12/2004,1669.67,1669.67,1669.67,1669.67
3/12/2004,1673.33,1673.33,1673.33,1673.33
2/12/2004,1672.23,1672.23,1672.23,1672.23
1/12/2004,1695.49,1695.49,1695.49,1695.49
30/11/2004,1693.62,1693.62,1693.62,1693.62
29/11/2004,1698.42,1698.42,1698.42,1698.42
26/11/2004,1699.36,1699.36,1699.36,1699.36
25/11/2004,1691.75,1691.75,1691.75,1691.75
24/11/2004,1681.75,1681.75,1681.75,1681.75
23/11/2004,1666.35,1666.35,1666.35,1666.35
22/11/2004,1656.39,1656.39,1656.39,1656.39
19/11/2004,1651.72,1651.72,1651.72,1651.72
18/11/2004,1647.36,1647.36,1647.36,1647.36
17/11/2004,1645.83,1645.83,1645.83,1645.83
16/11/2004,1627.37,1627.37,1627.37,1627.37
15/11/2004,1629.5,1629.5,1629.5,1629.5
12/11/2004,1635.49,1635.49,1635.49,1635.49
11/11/2004,1619.47,1619.47,1619.47,1619.47
10/11/2004,1609.02,1609.02,1609.02,1609.02
9/11/2004,1603.49,1603.49,1603.49,1603.49
8/11/2004,1598.86,1598.86,1598.86,1598.86
5/11/2004,1604.78,1604.78,1604.78,1604.78
4/11/2004,1592.92,1592.92,1592.92,1592.92
3/11/2004,1571.43,1571.43,1571.43,1571.43
2/11/2004,1548.99,1548.99,1548.99,1548.99
1/11/2004,1554.65,1554.65,1554.65,1554.65
29/10/2004,1552.3,1552.3,1552.3,1552.3
28/10/2004,1535.34,1535.34,1535.34,1535.34
27/10/2004,1543.25,1543.25,1543.25,1543.25
26/10/2004,1540.54,1540.54,1540.54,1540.54
25/10/2004,1530.5,1530.5,1530.5,1530.5
22/10/2004,1524.19,1524.19,1524.19,1524.19
21/10/2004,1519.55,1519.55,1519.55,1519.55
20/10/2004,1508.48,1508.48,1508.48,1508.48
19/10/2004,1499.34,1499.34,1499.34,1499.34
18/10/2004,1509.81,1509.81,1509.81,1509.81
15/10/2004,1510.22,1510.22,1510.22,1510.22
14/10/2004,1503.72,1503.72,1503.72,1503.72
13/10/2004,1501.3,1501.3,1501.3,1501.3
12/10/2004,1533.1,1533.1,1533.1,1533.1
11/10/2004,1550.72,1550.72,1550.72,1550.72
8/10/2004,1554.14,1554.14,1554.14,1554.14
7/10/2004,1550.38,1550.38,1550.38,1550.38
6/10/2004,1552.92,1552.92,1552.92,1552.92
5/10/2004,1539.13,1539.13,1539.13,1539.13
4/10/2004,1532.06,1532.06,1532.06,1532.06
1/10/2004,1536.49,1536.49,1536.49,1536.49
30/09/2004,1526.36,1526.36,1526.36,1526.36
29/09/2004,1510.1,1510.1,1510.1,1510.1
28/09/2004,1511.27,1511.27,1511.27,1511.27
27/09/2004,1483.06,1483.06,1483.06,1483.06
24/09/2004,1485.48,1485.48,1485.48,1485.48
23/09/2004,1481.17,1481.17,1481.17,1481.17
22/09/2004,1487.12,1487.12,1487.12,1487.12
21/09/2004,1498.15,1498.15,1498.15,1498.15
20/09/2004,1473.02,1473.02,1473.02,1473.02
17/09/2004,1471.16,1471.16,1471.16,1471.16
16/09/2004,1456.1,1456.1,1456.1,1456.1
15/09/2004,1452.56,1452.56,1452.56,1452.56
14/09/2004,1462.63,1462.63,1462.63,1462.63
13/09/2004,1459.02,1459.02,1459.02,1459.02
10/09/2004,1454.69,1454.69,1454.69,1454.69
9/09/2004,1453.6,1453.6,1453.6,1453.6
8/09/2004,1447.7,1447.7,1447.7,1447.7
7/09/2004,1448.45,1448.45,1448.45,1448.45
6/09/2004,1443.32,1443.32,1443.32,1443.32
3/09/2004,1440.44,1440.44,1440.44,1440.44
2/09/2004,1445.33,1445.33,1445.33,1445.33
1/09/2004,1435.78,1435.78,1435.78,1435.78
31/08/2004,1426.36,1426.36,1426.36,1426.36
30/08/2004,1410.25,1410.25,1410.25,1410.25
27/08/2004,1414.18,1414.18,1414.18,1414.18
26/08/2004,1405.09,1405.09,1405.09,1405.09
25/08/2004,1399.11,1399.11,1399.11,1399.11
24/08/2004,1393.37,1393.37,1393.37,1393.37
23/08/2004,1399.68,1399.68,1399.68,1399.68
20/08/2004,1406.45,1406.45,1406.45,1406.45
19/08/2004,1401.19,1401.19,1401.19,1401.19
18/08/2004,1389.48,1389.48,1389.48,1389.48
17/08/2004,1384.8,1384.8,1384.8,1384.8
16/08/2004,1391.35,1391.35,1391.35,1391.35
13/08/2004,1376.24,1376.24,1376.24,1376.24
12/08/2004,1372.55,1372.55,1372.55,1372.55
11/08/2004,1375.86,1375.86,1375.86,1375.86
10/08/2004,1386.02,1386.02,1386.02,1386.02
9/08/2004,1374.13,1374.13,1374.13,1374.13
6/08/2004,1369.51,1369.51,1369.51,1369.51
5/08/2004,1383.41,1383.41,1383.41,1383.41
4/08/2004,1392.47,1392.47,1392.47,1392.47
3/08/2004,1404.56,1404.56,1404.56,1404.56
2/08/2004,1393.95,1393.95,1393.95,1393.95
30/07/2004,1390.72,1390.72,1390.72,1390.72
29/07/2004,1388.36,1388.36,1388.36,1388.36
28/07/2004,1369.45,1369.45,1369.45,1369.45
27/07/2004,1357.35,1357.35,1357.35,1357.35
26/07/2004,1354.32,1354.32,1354.32,1354.32
23/07/2004,1364.18,1364.18,1364.18,1364.18
22/07/2004,1376.48,1376.48,1376.48,1376.48
21/07/2004,1385.36,1385.36,1385.36,1385.36
20/07/2004,1406.23,1406.23,1406.23,1406.23
19/07/2004,1408.37,1408.37,1408.37,1408.37
16/07/2004,1414.14,1414.14,1414.14,1414.14
15/07/2004,1401.46,1401.46,1401.46,1401.46
14/07/2004,1397.29,1397.29,1397.29,1397.29
13/07/2004,1393.61,1393.61,1393.61,1393.61
12/07/2004,1399.69,1399.69,1399.69,1399.69
9/07/2004,1401.53,1401.53,1401.53,1401.53
8/07/2004,1394.85,1394.85,1394.85,1394.85
7/07/2004,1394.74,1394.74,1394.74,1394.74
6/07/2004,1387.58,1387.58,1387.58,1387.58
5/07/2004,1383.94,1383.94,1383.94,1383.94
2/07/2004,1383.2,1383.2,1383.2,1383.2
1/07/2004,1379.41,1379.41,1379.41,1379.41
30/06/2004,1387.76,1387.76,1387.76,1387.76
29/06/2004,1376.19,1376.19,1376.19,1376.19
28/06/2004,1378.4,1378.4,1378.4,1378.4
25/06/2004,1381.43,1381.43,1381.43,1381.43
24/06/2004,1382.33,1382.33,1382.33,1382.33
23/06/2004,1372.05,1372.05,1372.05,1372.05
22/06/2004,1365.66,1365.66,1365.66,1365.66
21/06/2004,1367.9,1367.9,1367.9,1367.9
18/06/2004,1369.22,1369.22,1369.22,1369.22
17/06/2004,1354.32,1354.32,1354.32,1354.32
16/06/2004,1337.92,1337.92,1337.92,1337.92
15/06/2004,1333.32,1333.32,1333.32,1333.32
14/06/2004,1322.03,1322.03,1322.03,1322.03
11/06/2004,1333.97,1333.97,1333.97,1333.97
10/06/2004,1337.39,1337.39,1337.39,1337.39
9/06/2004,1335.77,1335.77,1335.77,1335.77
8/06/2004,1355.17,1355.17,1355.17,1355.17
7/06/2004,1359.16,1359.16,1359.16,1359.16
4/06/2004,1336.52,1336.52,1336.52,1336.52
3/06/2004,1333.15,1333.15,1333.15,1333.15
2/06/2004,1342.64,1342.64,1342.64,1342.64
1/06/2004,1336.45,1336.45,1336.45,1336.45
31/05/2004,1332.84,1332.84,1332.84,1332.84
28/05/2004,1330.88,1330.88,1330.88,1330.88
27/05/2004,1338.3,1338.3,1338.3,1338.3
26/05/2004,1328.1,1328.1,1328.1,1328.1
25/05/2004,1321.55,1321.55,1321.55,1321.55
24/05/2004,1301.55,1301.55,1301.55,1301.55
21/05/2004,1293.71,1293.71,1293.71,1293.71
20/05/2004,1286.47,1286.47,1286.47,1286.47
19/05/2004,1297.79,1297.79,1297.79,1297.79
18/05/2004,1281.59,1281.59,1281.59,1281.59
17/05/2004,1286.04,1286.04,1286.04,1286.04
14/05/2004,1294.21,1294.21,1294.21,1294.21
13/05/2004,1293.5,1293.5,1293.5,1293.5
12/05/2004,1292.36,1292.36,1292.36,1292.36
11/05/2004,1284.35,1284.35,1284.35,1284.35
10/05/2004,1268.51,1268.51,1268.51,1268.51
7/05/2004,1308.26,1308.26,1308.26,1308.26
6/05/2004,1336.84,1336.84,1336.84,1336.84
5/05/2004,1351.45,1351.45,1351.45,1351.45
4/05/2004,1346.37,1346.37,1346.37,1346.37
3/05/2004,1330.92,1330.92,1330.92,1330.92
30/04/2004,1324.85,1324.85,1324.85,1324.85
29/04/2004,1323.69,1323.69,1323.69,1323.69
28/04/2004,1338.27,1338.27,1338.27,1338.27
27/04/2004,1369.19,1369.19,1369.19,1369.19
26/04/2004,1361.99,1361.99,1361.99,1361.99
23/04/2004,1362.92,1362.92,1362.92,1362.92
22/04/2004,1369.75,1369.75,1369.75,1369.75
21/04/2004,1353.53,1353.53,1353.53,1353.53
20/04/2004,1369.15,1369.15,1369.15,1369.15
19/04/2004,1389.36,1389.36,1389.36,1389.36
16/04/2004,1391.43,1391.43,1391.43,1391.43
15/04/2004,1378.57,1378.57,1378.57,1378.57
14/04/2004,1375.7,1375.7,1375.7,1375.7
13/04/2004,1391.09,1391.09,1391.09,1391.09
12/04/2004,1411.87,1411.87,1411.87,1411.87
9/04/2004,1403.09,1403.09,1403.09,1403.09
8/04/2004,1403.81,1403.81,1403.81,1403.81
7/04/2004,1401.32,1401.32,1401.32,1401.32
6/04/2004,1401.37,1401.37,1401.37,1401.37
5/04/2004,1400.43,1400.43,1400.43,1400.43
2/04/2004,1393.86,1393.86,1393.86,1393.86
1/04/2004,1387.18,1387.18,1387.18,1387.18
31/03/2004,1379.75,1379.75,1379.75,1379.75
30/03/2004,1370.75,1370.75,1370.75,1370.75
29/03/2004,1355.9,1355.9,1355.9,1355.9
26/03/2004,1336.32,1336.32,1336.32,1336.32
25/03/2004,1326.24,1326.24,1326.24,1326.24
24/03/2004,1316.91,1316.91,1316.91,1316.91
23/03/2004,1327.43,1327.43,1327.43,1327.43
22/03/2004,1331.52,1331.52,1331.52,1331.52
19/03/2004,1350.05,1350.05,1350.05,1350.05
18/03/2004,1351.78,1351.78,1351.78,1351.78
17/03/2004,1342.43,1342.43,1342.43,1342.43
16/03/2004,1328.23,1328.23,1328.23,1328.23
15/03/2004,1317.96,1317.96,1317.96,1317.96
12/03/2004,1330.41,1330.41,1330.41,1330.41
11/03/2004,1318.77,1318.77,1318.77,1318.77
10/03/2004,1340.21,1340.21,1340.21,1340.21
9/03/2004,1361.13,1361.13,1361.13,1361.13
8/03/2004,1361.98,1361.98,1361.98,1361.98
5/03/2004,1362.44,1362.44,1362.44,1362.44
4/03/2004,1346.98,1346.98,1346.98,1346.98
3/03/2004,1344.26,1344.26,1344.26,1344.26
2/03/2004,1358.52,1358.52,1358.52,1358.52
1/03/2004,1362.49,1362.49,1362.49,1362.49
27/02/2004,1336.54,1336.54,1336.54,1336.54
26/02/2004,1333.69,1333.69,1333.69,1333.69
25/02/2004,1325.9,1325.9,1325.9,1325.9
24/02/2004,1324.54,1324.54,1324.54,1324.54
23/02/2004,1323.98,1323.98,1323.98,1323.98
20/02/2004,1319.8,1319.8,1319.8,1319.8
19/02/2004,1330.02,1330.02,1330.02,1330.02
18/02/2004,1333.18,1333.18,1333.18,1333.18
17/02/2004,1339.65,1339.65,1339.65,1339.65
16/02/2004,1318.49,1318.49,1318.49,1318.49
13/02/2004,1314.6,1314.6,1314.6,1314.6
12/02/2004,1319.32,1319.32,1319.32,1319.32
11/02/2004,1312.68,1312.68,1312.68,1312.68
10/02/2004,1296.33,1296.33,1296.33,1296.33
9/02/2004,1292.95,1292.95,1292.95,1292.95
6/02/2004,1281.43,1281.43,1281.43,1281.43
5/02/2004,1262.77,1262.77,1262.77,1262.77
4/02/2004,1263.86,1263.86,1263.86,1263.86
3/02/2004,1270.9,1270.9,1270.9,1270.9
2/02/2004,1266.23,1266.23,1266.23,1266.23
30/01/2004,1267.01,1267.01,1267.01,1267.01
29/01/2004,1267.77,1267.77,1267.77,1267.77
28/01/2004,1285.74,1285.74,1285.74,1285.74
27/01/2004,1299.27,1299.27,1299.27,1299.27
26/01/2004,1291.35,1291.35,1291.35,1291.35
23/01/2004,1290.71,1290.71,1290.71,1290.71
22/01/2004,1294.28,1294.28,1294.28,1294.28
21/01/2004,1295.83,1295.83,1295.83,1295.83
20/01/2004,1284.89,1284.89,1284.89,1284.89
19/01/2004,1268.52,1268.52,1268.52,1268.52
16/01/2004,1266.56,1266.56,1266.56,1266.56
15/01/2004,1267.69,1267.69,1267.69,1267.69
14/01/2004,1281.65,1281.65,1281.65,1281.65
13/01/2004,1285.22,1285.22,1285.22,1285.22
12/01/2004,1285.26,1285.26,1285.26,1285.26
9/01/2004,1284.22,1284.22,1284.22,1284.22
8/01/2004,1292.61,1292.61,1292.61,1292.61
7/01/2004,1289.82,1289.82,1289.82,1289.82
6/01/2004,1301.96,1301.96,1301.96,1301.96
5/01/2004,1309.37,1309.37,1309.37,1309.37
2/01/2004,1285.33,1285.33,1285.33,1285.33
1/01/2004,1279.4,1279.4,1279.4,1279.4
31/12/2003,1279.4,1279.4,1279.4,1279.4
30/12/2003,1276.3,1276.3,1276.3,1276.3
29/12/2003,1271.02,1271.02,1271.02,1271.02
26/12/2003,1255.59,1255.59,1255.59,1255.59
25/12/2003,1251.65,1251.65,1251.65,1251.65
24/12/2003,1251.29,1251.29,1251.29,1251.29
23/12/2003,1250.16,1250.16,1250.16,1250.16
22/12/2003,1245.81,1245.81,1245.81,1245.81
19/12/2003,1238.25,1238.25,1238.25,1238.25
18/12/2003,1237.46,1237.46,1237.46,1237.46
17/12/2003,1223.03,1223.03,1223.03,1223.03
16/12/2003,1212.7,1212.7,1212.7,1212.7
15/12/2003,1209.24,1209.24,1209.24,1209.24
12/12/2003,1209.07,1209.07,1209.07,1209.07
11/12/2003,1196.25,1196.25,1196.25,1196.25
10/12/2003,1195.21,1195.21,1195.21,1195.21
9/12/2003,1203.12,1203.12,1203.12,1203.12
8/12/2003,1195.87,1195.87,1195.87,1195.87
5/12/2003,1188.58,1188.58,1188.58,1188.58
4/12/2003,1183.05,1183.05,1183.05,1183.05
3/12/2003,1181.83,1181.83,1181.83,1181.83
2/12/2003,1179.29,1179.29,1179.29,1179.29
1/12/2003,1177.67,1177.67,1177.67,1177.67
28/11/2003,1159.52,1159.52,1159.52,1159.52
27/11/2003,1155.46,1155.46,1155.46,1155.46
26/11/2003,1153.37,1153.37,1153.37,1153.37
25/11/2003,1142.74,1142.74,1142.74,1142.74
24/11/2003,1133.24,1133.24,1133.24,1133.24
21/11/2003,1129.69,1129.69,1129.69,1129.69
20/11/2003,1129.15,1129.15,1129.15,1129.15
19/11/2003,1132.54,1132.54,1132.54,1132.54
18/11/2003,1132.38,1132.38,1132.38,1132.38
17/11/2003,1128.98,1128.98,1128.98,1128.98
14/11/2003,1142.99,1142.99,1142.99,1142.99
13/11/2003,1140.75,1140.75,1140.75,1140.75
12/11/2003,1131.48,1131.48,1131.48,1131.48
11/11/2003,1117.36,1117.36,1117.36,1117.36
10/11/2003,1122.9,1122.9,1122.9,1122.9
7/11/2003,1130.07,1130.07,1130.07,1130.07
6/11/2003,1125.33,1125.33,1125.33,1125.33
5/11/2003,1126.06,1126.06,1126.06,1126.06
4/11/2003,1129.64,1129.64,1129.64,1129.64
3/11/2003,1128.8,1128.8,1128.8,1128.8
31/10/2003,1125.01,1125.01,1125.01,1125.01
30/10/2003,1118.98,1118.98,1118.98,1118.98
29/10/2003,1118.67,1118.67,1118.67,1118.67
28/10/2003,1114.59,1114.59,1114.59,1114.59
27/10/2003,1105.85,1105.85,1105.85,1105.85
24/10/2003,1104.45,1104.45,1104.45,1104.45
23/10/2003,1104.86,1104.86,1104.86,1104.86
22/10/2003,1109.43,1109.43,1109.43,1109.43
21/10/2003,1117.16,1117.16,1117.16,1117.16
20/10/2003,1111.22,1111.22,1111.22,1111.22
17/10/2003,1114.75,1114.75,1114.75,1114.75
16/10/2003,1122.56,1122.56,1122.56,1122.56
15/10/2003,1121.38,1121.38,1121.38,1121.38
14/10/2003,1121.69,1121.69,1121.69,1121.69
13/10/2003,1117.65,1117.65,1117.65,1117.65
10/10/2003,1109.94,1109.94,1109.94,1109.94
9/10/2003,1106.66,1106.66,1106.66,1106.66
8/10/2003,1097.04,1097.04,1097.04,1097.04
7/10/2003,1094,1094,1094,1094
6/10/2003,1091.4,1091.4,1091.4,1091.4
3/10/2003,1086.9,1086.9,1086.9,1086.9
2/10/2003,1081.59,1081.59,1081.59,1081.59
1/10/2003,1075.21,1075.21,1075.21,1075.21
30/09/2003,1055.09,1055.09,1055.09,1055.09
29/09/2003,1058.49,1058.49,1058.49,1058.49
26/09/2003,1050.96,1050.96,1050.96,1050.96
25/09/2003,1065.35,1065.35,1065.35,1065.35
24/09/2003,1070.7,1070.7,1070.7,1070.7
23/09/2003,1069.86,1069.86,1069.86,1069.86
22/09/2003,1068.7,1068.7,1068.7,1068.7
19/09/2003,1074.58,1074.58,1074.58,1074.58
18/09/2003,1071.08,1071.08,1071.08,1071.08
17/09/2003,1062.22,1062.22,1062.22,1062.22
16/09/2003,1064.56,1064.56,1064.56,1064.56
15/09/2003,1064.98,1064.98,1064.98,1064.98
12/09/2003,1069.82,1069.82,1069.82,1069.82
11/09/2003,1068.1,1068.1,1068.1,1068.1
10/09/2003,1068.05,1068.05,1068.05,1068.05
9/09/2003,1077.19,1077.19,1077.19,1077.19
8/09/2003,1079.83,1079.83,1079.83,1079.83
5/09/2003,1071.58,1071.58,1071.58,1071.58
4/09/2003,1072.29,1072.29,1072.29,1072.29
3/09/2003,1071.23,1071.23,1071.23,1071.23
2/09/2003,1069.68,1069.68,1069.68,1069.68
1/09/2003,1069.14,1069.14,1069.14,1069.14
29/08/2003,1064.01,1064.01,1064.01,1064.01
28/08/2003,1059.24,1059.24,1059.24,1059.24
27/08/2003,1053.05,1053.05,1053.05,1053.05
26/08/2003,1047.07,1047.07,1047.07,1047.07
25/08/2003,1048.42,1048.42,1048.42,1048.42
22/08/2003,1050.02,1050.02,1050.02,1050.02
21/08/2003,1057.79,1057.79,1057.79,1057.79
20/08/2003,1051.07,1051.07,1051.07,1051.07
19/08/2003,1046.75,1046.75,1046.75,1046.75
18/08/2003,1042.29,1042.29,1042.29,1042.29
15/08/2003,1037.55,1037.55,1037.55,1037.55
14/08/2003,1037.27,1037.27,1037.27,1037.27
13/08/2003,1031.13,1031.13,1031.13,1031.13
12/08/2003,1025.22,1025.22,1025.22,1025.22
11/08/2003,1018.25,1018.25,1018.25,1018.25
8/08/2003,1009.06,1009.06,1009.06,1009.06
7/08/2003,997.47,997.47,997.47,997.47
6/08/2003,986.79,986.79,986.79,986.79
5/08/2003,988.2,988.2,988.2,988.2
4/08/2003,989.89,989.89,989.89,989.89
1/08/2003,990.29,990.29,990.29,990.29
31/07/2003,996.14,996.14,996.14,996.14
30/07/2003,991.64,991.64,991.64,991.64
29/07/2003,997.3,997.3,997.3,997.3
28/07/2003,1002.36,1002.36,1002.36,1002.36
25/07/2003,1001.97,1001.97,1001.97,1001.97
24/07/2003,988.89,988.89,988.89,988.89
23/07/2003,980.73,980.73,980.73,980.73
22/07/2003,973.38,973.38,973.38,973.38
21/07/2003,965.62,965.62,965.62,965.62
18/07/2003,967.03,967.03,967.03,967.03
17/07/2003,961.28,961.28,961.28,961.28
16/07/2003,959.53,959.53,959.53,959.53
15/07/2003,966.72,966.72,966.72,966.72
14/07/2003,975.92,975.92,975.92,975.92
11/07/2003,973.29,973.29,973.29,973.29
10/07/2003,967.66,967.66,967.66,967.66
9/07/2003,977.72,977.72,977.72,977.72
8/07/2003,980.08,980.08,980.08,980.08
7/07/2003,984.41,984.41,984.41,984.41
4/07/2003,979.4,979.4,979.4,979.4
3/07/2003,981.15,981.15,981.15,981.15
2/07/2003,982.03,982.03,982.03,982.03
1/07/2003,974.53,974.53,974.53,974.53
30/06/2003,972.82,972.82,972.82,972.82
27/06/2003,972.22,972.22,972.22,972.22
26/06/2003,975.02,975.02,975.02,975.02
25/06/2003,978.68,978.68,978.68,978.68
24/06/2003,978.65,978.65,978.65,978.65
23/06/2003,983.31,983.31,983.31,983.31
20/06/2003,993.13,993.13,993.13,993.13
19/06/2003,993.54,993.54,993.54,993.54
18/06/2003,1001.42,1001.42,1001.42,1001.42
17/06/2003,1009.76,1009.76,1009.76,1009.76
16/06/2003,1007.26,1007.26,1007.26,1007.26
13/06/2003,993.18,993.18,993.18,993.18
12/06/2003,996.44,996.44,996.44,996.44
11/06/2003,992.01,992.01,992.01,992.01
10/06/2003,975.07,975.07,975.07,975.07
9/06/2003,973.38,973.38,973.38,973.38
6/06/2003,980.03,980.03,980.03,980.03
5/06/2003,979.76,979.76,979.76,979.76
4/06/2003,973.02,973.02,973.02,973.02
3/06/2003,960.93,960.93,960.93,960.93
2/06/2003,960.1,960.1,960.1,960.1
30/05/2003,950.77,950.77,950.77,950.77
29/05/2003,945.78,945.78,945.78,945.78
28/05/2003,949.98,949.98,949.98,949.98
27/05/2003,948.86,948.86,948.86,948.86
26/05/2003,940.96,940.96,940.96,940.96
23/05/2003,939.07,939.07,939.07,939.07
22/05/2003,936.25,936.25,936.25,936.25
21/05/2003,927.39,927.39,927.39,927.39
20/05/2003,923.47,923.47,923.47,923.47
19/05/2003,923.81,923.81,923.81,923.81
16/05/2003,931.67,931.67,931.67,931.67
15/05/2003,925.96,925.96,925.96,925.96
14/05/2003,921.67,921.67,921.67,921.67
13/05/2003,922.14,922.14,922.14,922.14
12/05/2003,923.9,923.9,923.9,923.9
9/05/2003,917.05,917.05,917.05,917.05
8/05/2003,908.59,908.59,908.59,908.59
7/05/2003,910.48,910.48,910.48,910.48
6/05/2003,910.61,910.61,910.61,910.61
5/05/2003,902.48,902.48,902.48,902.48
2/05/2003,894.7,894.7,894.7,894.7
1/05/2003,884.03,884.03,884.03,884.03
30/04/2003,880.72,880.72,880.72,880.72
29/04/2003,873.51,873.51,873.51,873.51
28/04/2003,875.67,875.67,875.67,875.67
25/04/2003,867.52,867.52,867.52,867.52
24/04/2003,875.98,875.98,875.98,875.98
23/04/2003,882.83,882.83,882.83,882.83
22/04/2003,882.45,882.45,882.45,882.45
21/04/2003,875.67,875.67,875.67,875.67
18/04/2003,876.77,876.77,876.77,876.77
17/04/2003,876.78,876.78,876.78,876.78
16/04/2003,867.79,867.79,867.79,867.79
15/04/2003,874.22,874.22,874.22,874.22
14/04/2003,872.6,872.6,872.6,872.6
11/04/2003,869.28,869.28,869.28,869.28
10/04/2003,871.19,871.19,871.19,871.19
9/04/2003,868.12,868.12,868.12,868.12
8/04/2003,871.51,871.51,871.51,871.51
7/04/2003,874.24,874.24,874.24,874.24
4/04/2003,866.99,866.99,866.99,866.99
3/04/2003,864.38,864.38,864.38,864.38
2/04/2003,866.62,866.62,866.62,866.62
1/04/2003,857.63,857.63,857.63,857.63
31/03/2003,851.48,851.48,851.48,851.48
28/03/2003,860.03,860.03,860.03,860.03
27/03/2003,857.05,857.05,857.05,857.05
26/03/2003,859.94,859.94,859.94,859.94
25/03/2003,859.12,859.12,859.12,859.12
24/03/2003,852.03,852.03,852.03,852.03
21/03/2003,870.44,870.44,870.44,870.44
20/03/2003,862.5,862.5,862.5,862.5
19/03/2003,861.71,861.71,861.71,861.71
18/03/2003,857.55,857.55,857.55,857.55
17/03/2003,850.76,850.76,850.76,850.76
14/03/2003,836.85,836.85,836.85,836.85
13/03/2003,836.06,836.06,836.06,836.06
12/03/2003,819.12,819.12,819.12,819.12
11/03/2003,835.04,835.04,835.04,835.04
10/03/2003,838.91,838.91,838.91,838.91
7/03/2003,851.22,851.22,851.22,851.22
6/03/2003,854.51,854.51,854.51,854.51
5/03/2003,863.52,863.52,863.52,863.52
4/03/2003,860.87,860.87,860.87,860.87
3/03/2003,871,871,871,871
28/02/2003,870.59,870.59,870.59,870.59
27/02/2003,865.93,865.93,865.93,865.93
26/02/2003,863.72,863.72,863.72,863.72
25/02/2003,865.87,865.87,865.87,865.87
24/02/2003,874.34,874.34,874.34,874.34
21/02/2003,877.7,877.7,877.7,877.7
20/02/2003,870.24,870.24,870.24,870.24
19/02/2003,875.52,875.52,875.52,875.52
18/02/2003,880.18,880.18,880.18,880.18
17/02/2003,873.49,873.49,873.49,873.49
14/02/2003,869.22,869.22,869.22,869.22
13/02/2003,868.02,868.02,868.02,868.02
12/02/2003,865.6,865.6,865.6,865.6
11/02/2003,879.67,879.67,879.67,879.67
10/02/2003,878.98,878.98,878.98,878.98
7/02/2003,878.07,878.07,878.07,878.07
6/02/2003,887.92,887.92,887.92,887.92
5/02/2003,901.84,901.84,901.84,901.84
4/02/2003,902.21,902.21,902.21,902.21
3/02/2003,902.74,902.74,902.74,902.74
31/01/2003,897.07,897.07,897.07,897.07
30/01/2003,889.88,889.88,889.88,889.88
29/01/2003,892.85,892.85,892.85,892.85
28/01/2003,884.21,884.21,884.21,884.21
27/01/2003,879.35,879.35,879.35,879.35
24/01/2003,898.66,898.66,898.66,898.66
23/01/2003,908.66,908.66,908.66,908.66
22/01/2003,904.33,904.33,904.33,904.33
21/01/2003,911.99,911.99,911.99,911.99
20/01/2003,925.34,925.34,925.34,925.34
17/01/2003,931.07,931.07,931.07,931.07
16/01/2003,935.11,935.11,935.11,935.11
15/01/2003,928.24,928.24,928.24,928.24
14/01/2003,932.15,932.15,932.15,932.15
13/01/2003,935.54,935.54,935.54,935.54
10/01/2003,937.66,937.66,937.66,937.66
9/01/2003,935.64,935.64,935.64,935.64
8/01/2003,924.78,924.78,924.78,924.78
7/01/2003,934.63,934.63,934.63,934.63
6/01/2003,949.02,949.02,949.02,949.02
3/01/2003,938.96,938.96,938.96,938.96
2/01/2003,937.39,937.39,937.39,937.39
1/01/2003,926.91,926.91,926.91,926.91
31/12/2002,926.91,926.91,926.91,926.91
30/12/2002,923.47,923.47,923.47,923.47
27/12/2002,918.25,918.25,918.25,918.25
26/12/2002,926.99,926.99,926.99,926.99
25/12/2002,925.41,925.41,925.41,925.41
24/12/2002,925.75,925.75,925.75,925.75
23/12/2002,926.11,926.11,926.11,926.11
20/12/2002,920.99,920.99,920.99,920.99
19/12/2002,910.58,910.58,910.58,910.58
18/12/2002,914.68,914.68,914.68,914.68
17/12/2002,924.45,924.45,924.45,924.45
16/12/2002,924.6,924.6,924.6,924.6
13/12/2002,909.59,909.59,909.59,909.59
12/12/2002,909.99,909.99,909.99,909.99
11/12/2002,904.91,904.91,904.91,904.91
10/12/2002,905.59,905.59,905.59,905.59
9/12/2002,905.66,905.66,905.66,905.66
6/12/2002,914.1,914.1,914.1,914.1
5/12/2002,908.61,908.61,908.61,908.61
4/12/2002,909.72,909.72,909.72,909.72
3/12/2002,909.22,909.22,909.22,909.22
2/12/2002,914.48,914.48,914.48,914.48
29/11/2002,918.48,918.48,918.48,918.48
28/11/2002,918.09,918.09,918.09,918.09
27/11/2002,916.21,916.21,916.21,916.21
26/11/2002,900.03,900.03,900.03,900.03
25/11/2002,907.68,907.68,907.68,907.68
22/11/2002,907.5,907.5,907.5,907.5
21/11/2002,915.53,915.53,915.53,915.53
20/11/2002,908.77,908.77,908.77,908.77
19/11/2002,910.92,910.92,910.92,910.92
18/11/2002,910.52,910.52,910.52,910.52
15/11/2002,905.56,905.56,905.56,905.56
14/11/2002,904.89,904.89,904.89,904.89
13/11/2002,896.04,896.04,896.04,896.04
12/11/2002,902.5,902.5,902.5,902.5
11/11/2002,900.84,900.84,900.84,900.84
8/11/2002,909.68,909.68,909.68,909.68
7/11/2002,909.74,909.74,909.74,909.74
6/11/2002,907.93,907.93,907.93,907.93
5/11/2002,902.01,902.01,902.01,902.01
4/11/2002,899.76,899.76,899.76,899.76
1/11/2002,898.9,898.9,898.9,898.9
31/10/2002,887.06,887.06,887.06,887.06
30/10/2002,885.24,885.24,885.24,885.24
29/10/2002,870.24,870.24,870.24,870.24
28/10/2002,888.78,888.78,888.78,888.78
25/10/2002,892.04,892.04,892.04,892.04
24/10/2002,890.77,890.77,890.77,890.77
23/10/2002,887.44,887.44,887.44,887.44
22/10/2002,887.71,887.71,887.71,887.71
21/10/2002,904.44,904.44,904.44,904.44
18/10/2002,899.16,899.16,899.16,899.16
17/10/2002,898.62,898.62,898.62,898.62
16/10/2002,884.87,884.87,884.87,884.87
15/10/2002,893.87,893.87,893.87,893.87
14/10/2002,868.84,868.84,868.84,868.84
11/10/2002,869.41,869.41,869.41,869.41
10/10/2002,848.16,848.16,848.16,848.16
9/10/2002,835.97,835.97,835.97,835.97
8/10/2002,850.53,850.53,850.53,850.53
7/10/2002,856.32,856.32,856.32,856.32
4/10/2002,864.9,864.9,864.9,864.9
3/10/2002,876.36,876.36,876.36,876.36
2/10/2002,875.44,875.44,875.44,875.44
1/10/2002,879.89,879.89,879.89,879.89
30/09/2002,863.64,863.64,863.64,863.64
27/09/2002,871.03,871.03,871.03,871.03
26/09/2002,877.9,877.9,877.9,877.9
25/09/2002,857.21,857.21,857.21,857.21
24/09/2002,847.97,847.97,847.97,847.97
23/09/2002,862.33,862.33,862.33,862.33
20/09/2002,874.47,874.47,874.47,874.47
19/09/2002,872.51,872.51,872.51,872.51
18/09/2002,883.37,883.37,883.37,883.37
17/09/2002,889.18,889.18,889.18,889.18
16/09/2002,906.89,906.89,906.89,906.89
13/09/2002,904.45,904.45,904.45,904.45
12/09/2002,908.09,908.09,908.09,908.09
11/09/2002,918.21,918.21,918.21,918.21
10/09/2002,913.64,913.64,913.64,913.64
9/09/2002,905.37,905.37,905.37,905.37
6/09/2002,904.37,904.37,904.37,904.37
5/09/2002,892.48,892.48,892.48,892.48
4/09/2002,895.36,895.36,895.36,895.36
3/09/2002,897.59,897.59,897.59,897.59
2/09/2002,918.22,918.22,918.22,918.22
30/08/2002,921.89,921.89,921.89,921.89
29/08/2002,914.64,914.64,914.64,914.64
28/08/2002,921.55,921.55,921.55,921.55
27/08/2002,941.03,941.03,941.03,941.03
26/08/2002,933.59,933.59,933.59,933.59
23/08/2002,926.56,926.56,926.56,926.56
22/08/2002,929.67,929.67,929.67,929.67
21/08/2002,916.51,916.51,916.51,916.51
20/08/2002,910.43,910.43,910.43,910.43
19/08/2002,921.82,921.82,921.82,921.82
16/08/2002,918.2,918.2,918.2,918.2
15/08/2002,920.45,920.45,920.45,920.45
14/08/2002,908.06,908.06,908.06,908.06
13/08/2002,899.81,899.81,899.81,899.81
12/08/2002,895.91,895.91,895.91,895.91
9/08/2002,902.87,902.87,902.87,902.87
8/08/2002,889.54,889.54,889.54,889.54
7/08/2002,862.34,862.34,862.34,862.34
6/08/2002,848.66,848.66,848.66,848.66
5/08/2002,840.89,840.89,840.89,840.89
2/08/2002,860.47,860.47,860.47,860.47
1/08/2002,868.68,868.68,868.68,868.68
31/07/2002,886.39,886.39,886.39,886.39
30/07/2002,881.55,881.55,881.55,881.55
29/07/2002,885.73,885.73,885.73,885.73
26/07/2002,856.87,856.87,856.87,856.87
25/07/2002,858.49,858.49,858.49,858.49
24/07/2002,851.77,851.77,851.77,851.77
23/07/2002,836.71,836.71,836.71,836.71
22/07/2002,854.16,854.16,854.16,854.16
19/07/2002,892.13,892.13,892.13,892.13
18/07/2002,921.58,921.58,921.58,921.58
17/07/2002,921.58,921.58,921.58,921.58
16/07/2002,918.38,918.38,918.38,918.38
15/07/2002,935.67,935.67,935.67,935.67
12/07/2002,955.8,955.8,955.8,955.8
11/07/2002,962.47,962.47,962.47,962.47
10/07/2002,981.63,981.63,981.63,981.63
9/07/2002,1004.91,1004.91,1004.91,1004.91
8/07/2002,1008.25,1008.25,1008.25,1008.25
5/07/2002,1006.01,1006.01,1006.01,1006.01
4/07/2002,985.45,985.45,985.45,985.45
3/07/2002,981.16,981.16,981.16,981.16
2/07/2002,994.2,994.2,994.2,994.2
1/07/2002,1011.5,1011.5,1011.5,1011.5
28/06/2002,1010.09,1010.09,1010.09,1010.09
27/06/2002,992.08,992.08,992.08,992.08
26/06/2002,988.66,988.66,988.66,988.66
25/06/2002,995.61,995.61,995.61,995.61
24/06/2002,991.74,991.74,991.74,991.74
21/06/2002,996.4,996.4,996.4,996.4
20/06/2002,1004.41,1004.41,1004.41,1004.41
19/06/2002,1003.78,1003.78,1003.78,1003.78
18/06/2002,1012,1012,1012,1012
17/06/2002,1008.21,1008.21,1008.21,1008.21
14/06/2002,995.89,995.89,995.89,995.89
13/06/2002,1003.51,1003.51,1003.51,1003.51
12/06/2002,1018.5,1018.5,1018.5,1018.5
11/06/2002,1025.12,1025.12,1025.12,1025.12
10/06/2002,1029.09,1029.09,1029.09,1029.09
7/06/2002,1034.52,1034.52,1034.52,1034.52
6/06/2002,1037.05,1037.05,1037.05,1037.05
5/06/2002,1042.21,1042.21,1042.21,1042.21
4/06/2002,1046.88,1046.88,1046.88,1046.88
3/06/2002,1048.78,1048.78,1048.78,1048.78
31/05/2002,1056.3,1056.3,1056.3,1056.3
30/05/2002,1053.19,1053.19,1053.19,1053.19
29/05/2002,1056.42,1056.42,1056.42,1056.42
28/05/2002,1063.24,1063.24,1063.24,1063.24
27/05/2002,1064.78,1064.78,1064.78,1064.78
24/05/2002,1069.52,1069.52,1069.52,1069.52
23/05/2002,1068.54,1068.54,1068.54,1068.54
22/05/2002,1066.82,1066.82,1066.82,1066.82
21/05/2002,1060.37,1060.37,1060.37,1060.37
20/05/2002,1060.91,1060.91,1060.91,1060.91
17/05/2002,1063.97,1063.97,1063.97,1063.97
16/05/2002,1058.04,1058.04,1058.04,1058.04
15/05/2002,1054.26,1054.26,1054.26,1054.26
14/05/2002,1052.42,1052.42,1052.42,1052.42
13/05/2002,1043.26,1043.26,1043.26,1043.26
10/05/2002,1036.32,1036.32,1036.32,1036.32
9/05/2002,1034.91,1034.91,1034.91,1034.91
8/05/2002,1040.18,1040.18,1040.18,1040.18
7/05/2002,1026.64,1026.64,1026.64,1026.64
6/05/2002,1032.71,1032.71,1032.71,1032.71
3/05/2002,1045.09,1045.09,1045.09,1045.09
2/05/2002,1038.32,1038.32,1038.32,1038.32
1/05/2002,1032.25,1032.25,1032.25,1032.25
30/04/2002,1028.8,1028.8,1028.8,1028.8
29/04/2002,1021.08,1021.08,1021.08,1021.08
26/04/2002,1022.44,1022.44,1022.44,1022.44
25/04/2002,1023.32,1023.32,1023.32,1023.32
24/04/2002,1024.26,1024.26,1024.26,1024.26
23/04/2002,1033.99,1033.99,1033.99,1033.99
22/04/2002,1040.55,1040.55,1040.55,1040.55
19/04/2002,1049.22,1049.22,1049.22,1049.22
18/04/2002,1045.08,1045.08,1045.08,1045.08
17/04/2002,1042.99,1042.99,1042.99,1042.99
16/04/2002,1039.78,1039.78,1039.78,1039.78
15/04/2002,1028.92,1028.92,1028.92,1028.92
12/04/2002,1026.37,1026.37,1026.37,1026.37
11/04/2002,1036.29,1036.29,1036.29,1036.29
10/04/2002,1046.02,1046.02,1046.02,1046.02
9/04/2002,1034.61,1034.61,1034.61,1034.61
8/04/2002,1038.75,1038.75,1038.75,1038.75
5/04/2002,1040.02,1040.02,1040.02,1040.02
4/04/2002,1039.25,1039.25,1039.25,1039.25
3/04/2002,1045.63,1045.63,1045.63,1045.63
2/04/2002,1054.67,1054.67,1054.67,1054.67
1/04/2002,1043.15,1043.15,1043.15,1043.15
29/03/2002,1044.34,1044.34,1044.34,1044.34
28/03/2002,1044.77,1044.77,1044.77,1044.77
27/03/2002,1040.1,1040.1,1040.1,1040.1
26/03/2002,1025.5,1025.5,1025.5,1025.5
25/03/2002,1022.78,1022.78,1022.78,1022.78
22/03/2002,1030,1030,1030,1030
21/03/2002,1030.84,1030.84,1030.84,1030.84
20/03/2002,1036.18,1036.18,1036.18,1036.18
19/03/2002,1039.3,1039.3,1039.3,1039.3
18/03/2002,1030.89,1030.89,1030.89,1030.89
15/03/2002,1031.74,1031.74,1031.74,1031.74
14/03/2002,1023.18,1023.18,1023.18,1023.18
13/03/2002,1021.21,1021.21,1021.21,1021.21
12/03/2002,1027.85,1027.85,1027.85,1027.85
11/03/2002,1028.28,1028.28,1028.28,1028.28
8/03/2002,1021.06,1021.06,1021.06,1021.06
7/03/2002,1030.51,1030.51,1030.51,1030.51
6/03/2002,1028.55,1028.55,1028.55,1028.55
5/03/2002,1016.41,1016.41,1016.41,1016.41
4/03/2002,1024.41,1024.41,1024.41,1024.41
1/03/2002,1003.8,1003.8,1003.8,1003.8
28/02/2002,997.3,997.3,997.3,997.3
27/02/2002,1001.47,1001.47,1001.47,1001.47
26/02/2002,996.11,996.11,996.11,996.11
25/02/2002,992.85,992.85,992.85,992.85
22/02/2002,985.22,985.22,985.22,985.22
21/02/2002,973.34,973.34,973.34,973.34
20/02/2002,968.12,968.12,968.12,968.12
19/02/2002,970.77,970.77,970.77,970.77
18/02/2002,979.73,979.73,979.73,979.73
15/02/2002,983.74,983.74,983.74,983.74
14/02/2002,983.28,983.28,983.28,983.28
13/02/2002,973.64,973.64,973.64,973.64
12/02/2002,966.02,966.02,966.02,966.02
11/02/2002,963.17,963.17,963.17,963.17
8/02/2002,955.42,955.42,955.42,955.42
7/02/2002,950.65,950.65,950.65,950.65
6/02/2002,955.56,955.56,955.56,955.56
5/02/2002,954.69,954.69,954.69,954.69
4/02/2002,960.72,960.72,960.72,960.72
1/02/2002,962.76,962.76,962.76,962.76
31/01/2002,963.75,963.75,963.75,963.75
30/01/2002,945.07,945.07,945.07,945.07
29/01/2002,944.75,944.75,944.75,944.75
28/01/2002,957.62,957.62,957.62,957.62
25/01/2002,955.11,955.11,955.11,955.11
24/01/2002,952.58,952.58,952.58,952.58
23/01/2002,949.29,949.29,949.29,949.29
22/01/2002,937.65,937.65,937.65,937.65
21/01/2002,939.64,939.64,939.64,939.64
18/01/2002,941.84,941.84,941.84,941.84
17/01/2002,942.66,942.66,942.66,942.66
16/01/2002,939.37,939.37,939.37,939.37
15/01/2002,952.3,952.3,952.3,952.3
14/01/2002,947.07,947.07,947.07,947.07
11/01/2002,953.44,953.44,953.44,953.44
10/01/2002,953.57,953.57,953.57,953.57
9/01/2002,957.5,957.5,957.5,957.5
8/01/2002,959.28,959.28,959.28,959.28
7/01/2002,964.22,964.22,964.22,964.22
4/01/2002,966.08,966.08,966.08,966.08
3/01/2002,962.46,962.46,962.46,962.46
2/01/2002,960.24,960.24,960.24,960.24
1/01/2002,964.53,964.53,964.53,964.53
31/12/2001,964.53,964.53,964.53,964.53
28/12/2001,966.4,966.4,966.4,966.4
27/12/2001,965.55,965.55,965.55,965.55
26/12/2001,955.01,955.01,955.01,955.01
25/12/2001,951.8,951.8,951.8,951.8
24/12/2001,951.75,951.75,951.75,951.75
21/12/2001,945.21,945.21,945.21,945.21
20/12/2001,942.88,942.88,942.88,942.88
19/12/2001,946.51,946.51,946.51,946.51
18/12/2001,954.1,954.1,954.1,954.1
17/12/2001,945.1,945.1,945.1,945.1
14/12/2001,935.18,935.18,935.18,935.18
13/12/2001,931.02,931.02,931.02,931.02
12/12/2001,941.01,941.01,941.01,941.01
11/12/2001,939.82,939.82,939.82,939.82
10/12/2001,943.9,943.9,943.9,943.9
7/12/2001,952.08,952.08,952.08,952.08
6/12/2001,957.14,957.14,957.14,957.14
5/12/2001,961.92,961.92,961.92,961.92
4/12/2001,940.52,940.52,940.52,940.52
3/12/2001,929.56,929.56,929.56,929.56
30/11/2001,927.28,927.28,927.28,927.28
29/11/2001,919.98,919.98,919.98,919.98
28/11/2001,918.14,918.14,918.14,918.14
27/11/2001,922.09,922.09,922.09,922.09
26/11/2001,922.21,922.21,922.21,922.21
23/11/2001,922.58,922.58,922.58,922.58
22/11/2001,919.81,919.81,919.81,919.81
21/11/2001,913.45,913.45,913.45,913.45
20/11/2001,921.32,921.32,921.32,921.32
19/11/2001,915.63,915.63,915.63,915.63
16/11/2001,911.16,911.16,911.16,911.16
15/11/2001,906.86,906.86,906.86,906.86
14/11/2001,924.73,924.73,924.73,924.73
13/11/2001,936.68,936.68,936.68,936.68
12/11/2001,921.09,921.09,921.09,921.09
9/11/2001,925.53,925.53,925.53,925.53
8/11/2001,918.31,918.31,918.31,918.31
7/11/2001,914.69,914.69,914.69,914.69
6/11/2001,912.59,912.59,912.59,912.59
5/11/2001,918.21,918.21,918.21,918.21
2/11/2001,914.75,914.75,914.75,914.75
1/11/2001,916.4,916.4,916.4,916.4
31/10/2001,902.91,902.91,902.91,902.91
30/10/2001,903.62,903.62,903.62,903.62
29/10/2001,914.86,914.86,914.86,914.86
26/10/2001,918.96,918.96,918.96,918.96
25/10/2001,903.15,903.15,903.15,903.15
24/10/2001,896.45,896.45,896.45,896.45
23/10/2001,902.44,902.44,902.44,902.44
22/10/2001,906.14,906.14,906.14,906.14
19/10/2001,891.55,891.55,891.55,891.55
18/10/2001,900.97,900.97,900.97,900.97
17/10/2001,918.66,918.66,918.66,918.66
16/10/2001,917.81,917.81,917.81,917.81
15/10/2001,909.53,909.53,909.53,909.53
12/10/2001,917.2,917.2,917.2,917.2
11/10/2001,914.39,914.39,914.39,914.39
10/10/2001,906.35,906.35,906.35,906.35
9/10/2001,890.07,890.07,890.07,890.07
8/10/2001,889.79,889.79,889.79,889.79
5/10/2001,891.57,891.57,891.57,891.57
4/10/2001,892.34,892.34,892.34,892.34
3/10/2001,881.39,881.39,881.39,881.39
2/10/2001,873.23,873.23,873.23,873.23
1/10/2001,865.57,865.57,865.57,865.57
28/09/2001,878.89,878.89,878.89,878.89
27/09/2001,857.82,857.82,857.82,857.82
26/09/2001,842.6,842.6,842.6,842.6
25/09/2001,841.4,841.4,841.4,841.4
24/09/2001,837.24,837.24,837.24,837.24
21/09/2001,823.77,823.77,823.77,823.77
20/09/2001,844.96,844.96,844.96,844.96
19/09/2001,869.21,869.21,869.21,869.21
18/09/2001,883.88,883.88,883.88,883.88
17/09/2001,890.95,890.95,890.95,890.95
14/09/2001,913.62,913.62,913.62,913.62
13/09/2001,920.96,920.96,920.96,920.96
12/09/2001,920.09,920.09,920.09,920.09
11/09/2001,930.55,930.55,930.55,930.55
10/09/2001,929.67,929.67,929.67,929.67
7/09/2001,938.85,938.85,938.85,938.85
6/09/2001,950.92,950.92,950.92,950.92
5/09/2001,958.91,958.91,958.91,958.91
4/09/2001,956.67,956.67,956.67,956.67
3/09/2001,952.78,952.78,952.78,952.78
31/08/2001,957.14,957.14,957.14,957.14
30/08/2001,954.54,954.54,954.54,954.54
29/08/2001,962.37,962.37,962.37,962.37
28/08/2001,966.01,966.01,966.01,966.01
27/08/2001,974.29,974.29,974.29,974.29
24/08/2001,974.74,974.74,974.74,974.74
23/08/2001,968.28,968.28,968.28,968.28
22/08/2001,969.54,969.54,969.54,969.54
21/08/2001,958.26,958.26,958.26,958.26
20/08/2001,956.88,956.88,956.88,956.88
17/08/2001,955.24,955.24,955.24,955.24
16/08/2001,959.79,959.79,959.79,959.79
15/08/2001,960.29,960.29,960.29,960.29
14/08/2001,948.75,948.75,948.75,948.75
13/08/2001,949.16,949.16,949.16,949.16
10/08/2001,941.22,941.22,941.22,941.22
9/08/2001,933.64,933.64,933.64,933.64
8/08/2001,934.99,934.99,934.99,934.99
7/08/2001,942.18,942.18,942.18,942.18
6/08/2001,945.28,945.28,945.28,945.28
3/08/2001,951.92,951.92,951.92,951.92
2/08/2001,957.15,957.15,957.15,957.15
1/08/2001,953.1,953.1,953.1,953.1
31/07/2001,948.86,948.86,948.86,948.86
30/07/2001,945.73,945.73,945.73,945.73
27/07/2001,941.64,941.64,941.64,941.64
26/07/2001,936.72,936.72,936.72,936.72
25/07/2001,932.65,932.65,932.65,932.65
24/07/2001,919.74,919.74,919.74,919.74
23/07/2001,936.76,936.76,936.76,936.76
20/07/2001,945.3,945.3,945.3,945.3
19/07/2001,943.01,943.01,943.01,943.01
18/07/2001,934.32,934.32,934.32,934.32
17/07/2001,939.58,939.58,939.58,939.58
16/07/2001,943.41,943.41,943.41,943.41
13/07/2001,955.87,955.87,955.87,955.87
12/07/2001,953.83,953.83,953.83,953.83
11/07/2001,946.12,946.12,946.12,946.12
10/07/2001,944.84,944.84,944.84,944.84
9/07/2001,947.66,947.66,947.66,947.66
6/07/2001,947.19,947.19,947.19,947.19
5/07/2001,954.48,954.48,954.48,954.48
4/07/2001,956.6,956.6,956.6,956.6
3/07/2001,955.56,955.56,955.56,955.56
2/07/2001,959.82,959.82,959.82,959.82
29/06/2001,957.23,957.23,957.23,957.23
28/06/2001,951.18,951.18,951.18,951.18
27/06/2001,961.74,961.74,961.74,961.74
26/06/2001,966.01,966.01,966.01,966.01
25/06/2001,963.81,963.81,963.81,963.81
22/06/2001,967.03,967.03,967.03,967.03
21/06/2001,969.79,969.79,969.79,969.79
20/06/2001,972.09,972.09,972.09,972.09
19/06/2001,978.45,978.45,978.45,978.45
18/06/2001,983.18,983.18,983.18,983.18
15/06/2001,992.45,992.45,992.45,992.45
14/06/2001,991.56,991.56,991.56,991.56
13/06/2001,999.44,999.44,999.44,999.44
12/06/2001,999.36,999.36,999.36,999.36
11/06/2001,996.97,996.97,996.97,996.97
8/06/2001,1003.66,1003.66,1003.66,1003.66
7/06/2001,1000.49,1000.49,1000.49,1000.49
6/06/2001,1001.96,1001.96,1001.96,1001.96
5/06/2001,1015.91,1015.91,1015.91,1015.91
4/06/2001,1009.75,1009.75,1009.75,1009.75
1/06/2001,1003.45,1003.45,1003.45,1003.45
31/05/2001,1000.6,1000.6,1000.6,1000.6
30/05/2001,999.72,999.72,999.72,999.72
29/05/2001,1004.97,1004.97,1004.97,1004.97
28/05/2001,1008.1,1008.1,1008.1,1008.1
25/05/2001,1007.48,1007.48,1007.48,1007.48
24/05/2001,1006.68,1006.68,1006.68,1006.68
23/05/2001,1011.52,1011.52,1011.52,1011.52
22/05/2001,1021.87,1021.87,1021.87,1021.87
21/05/2001,1031.3,1031.3,1031.3,1031.3
18/05/2001,1024.8,1024.8,1024.8,1024.8
17/05/2001,1016.05,1016.05,1016.05,1016.05
16/05/2001,1009.68,1009.68,1009.68,1009.68
15/05/2001,990.64,990.64,990.64,990.64
14/05/2001,980.22,980.22,980.22,980.22
11/05/2001,980.63,980.63,980.63,980.63
10/05/2001,985.3,985.3,985.3,985.3
9/05/2001,983.87,983.87,983.87,983.87
8/05/2001,975.61,975.61,975.61,975.61
7/05/2001,977.99,977.99,977.99,977.99
4/05/2001,975.83,975.83,975.83,975.83
3/05/2001,963.37,963.37,963.37,963.37
2/05/2001,976.29,976.29,976.29,976.29
1/05/2001,986.34,986.34,986.34,986.34
30/04/2001,982.76,982.76,982.76,982.76
27/04/2001,982.77,982.77,982.77,982.77
26/04/2001,981.57,981.57,981.57,981.57
25/04/2001,972.72,972.72,972.72,972.72
24/04/2001,965.09,965.09,965.09,965.09
23/04/2001,962.17,962.17,962.17,962.17
20/04/2001,963.35,963.35,963.35,963.35
19/04/2001,957.76,957.76,957.76,957.76
18/04/2001,956.65,956.65,956.65,956.65
17/04/2001,956.49,956.49,956.49,956.49
16/04/2001,959.04,959.04,959.04,959.04
13/04/2001,952.77,952.77,952.77,952.77
12/04/2001,952.14,952.14,952.14,952.14
11/04/2001,947.99,947.99,947.99,947.99
10/04/2001,956.59,956.59,956.59,956.59
9/04/2001,939.76,939.76,939.76,939.76
6/04/2001,928.04,928.04,928.04,928.04
5/04/2001,927.17,927.17,927.17,927.17
4/04/2001,911.21,911.21,911.21,911.21
3/04/2001,899.69,899.69,899.69,899.69
2/04/2001,916.25,916.25,916.25,916.25
30/03/2001,926.64,926.64,926.64,926.64
29/03/2001,917.36,917.36,917.36,917.36
28/03/2001,925.01,925.01,925.01,925.01
27/03/2001,933.8,933.8,933.8,933.8
26/03/2001,922.25,922.25,922.25,922.25
23/03/2001,910.98,910.98,910.98,910.98
22/03/2001,911.12,911.12,911.12,911.12
21/03/2001,937.3,937.3,937.3,937.3
20/03/2001,952.26,952.26,952.26,952.26
19/03/2001,952.45,952.45,952.45,952.45
16/03/2001,951.14,951.14,951.14,951.14
15/03/2001,968.57,968.57,968.57,968.57
14/03/2001,966.97,966.97,966.97,966.97
13/03/2001,983.52,983.52,983.52,983.52
12/03/2001,1000.15,1000.15,1000.15,1000.15
9/03/2001,1015.41,1015.41,1015.41,1015.41
8/03/2001,1025.49,1025.49,1025.49,1025.49
7/03/2001,1013.49,1013.49,1013.49,1013.49
6/03/2001,1005.93,1005.93,1005.93,1005.93
5/03/2001,1001.1,1001.1,1001.1,1001.1
2/03/2001,992.13,992.13,992.13,992.13
1/03/2001,986.19,986.19,986.19,986.19
28/02/2001,983.18,983.18,983.18,983.18
27/02/2001,986.03,986.03,986.03,986.03
26/02/2001,985.3,985.3,985.3,985.3
23/02/2001,966.91,966.91,966.91,966.91
22/02/2001,976.54,976.54,976.54,976.54
21/02/2001,976.69,976.69,976.69,976.69
20/02/2001,982.36,982.36,982.36,982.36
19/02/2001,994.92,994.92,994.92,994.92
16/02/2001,991.74,991.74,991.74,991.74
15/02/2001,992.07,992.07,992.07,992.07
14/02/2001,1039.34,1022.62,1039.34,1039.34
13/02/2001,1047.04,1030.16,1047.04,1047.04
12/02/2001,1056.26,1039.23,1056.26,1056.26
9/02/2001,1052.47,1035.51,1052.47,1052.47
8/02/2001,1043.22,1026.41,1043.22,1043.22
7/02/2001,1044,1027.17,1044,1044
6/02/2001,1043.29,1026.4,1043.29,1043.29
5/02/2001,1047.26,1030.31,1047.26,1047.26
2/02/2001,999.19,999.19,999.19,999.19
1/02/2001,996.86,996.86,996.86,996.86
31/01/2001,998.65,998.65,998.65,998.65
30/01/2001,991.08,991.08,991.08,991.08
29/01/2001,987.75,987.75,987.75,987.75
26/01/2001,987.59,987.59,987.59,987.59
25/01/2001,988.16,988.16,988.16,988.16
24/01/2001,976.32,976.32,976.32,976.32
23/01/2001,979.96,979.96,979.96,979.96
22/01/2001,972.41,972.41,972.41,972.41
19/01/2001,966.22,966.22,966.22,966.22
18/01/2001,977.14,977.14,977.14,977.14
17/01/2001,981.94,981.94,981.94,981.94
16/01/2001,985.84,985.84,985.84,985.84
15/01/2001,983.67,983.67,983.67,983.67
12/01/2001,980.83,980.83,980.83,980.83
11/01/2001,983.41,983.41,983.41,983.41
10/01/2001,979.25,979.25,979.25,979.25
9/01/2001,982.68,982.68,982.68,982.68
8/01/2001,993.84,993.84,993.84,993.84
5/01/2001,985.78,985.78,985.78,985.78
4/01/2001,990.03,990.03,990.03,990.03
3/01/2001,992.67,992.67,992.67,992.67
2/01/2001,1001.09,1001.09,1001.09,1001.09
1/01/2001,1004.12,1004.12,1004.12,1004.12
29/12/2000,1004.12,1004.12,1004.12,1004.12
28/12/2000,1002.69,1002.69,1002.69,1002.69
27/12/2000,990,990,990,990
26/12/2000,974.21,974.21,974.21,974.21
25/12/2000,965.53,965.53,965.53,965.53
22/12/2000,964.14,964.14,964.14,964.14
21/12/2000,949.39,949.39,949.39,949.39
20/12/2000,946.65,946.65,946.65,946.65
19/12/2000,956.96,956.96,956.96,956.96
18/12/2000,947.87,947.87,947.87,947.87
15/12/2000,928.65,928.65,928.65,928.65
14/12/2000,932.93,932.93,932.93,932.93
13/12/2000,945.92,945.92,945.92,945.92
12/12/2000,949.87,949.87,949.87,949.87
11/12/2000,945.09,945.09,945.09,945.09
8/12/2000,945.74,945.74,945.74,945.74
7/12/2000,940.75,940.75,940.75,940.75
6/12/2000,941.19,941.19,941.19,941.19
5/12/2000,947.8,947.8,947.8,947.8
4/12/2000,950.52,950.52,950.52,950.52
1/12/2000,930.99,930.99,930.99,930.99
30/11/2000,920.62,920.62,920.62,920.62
29/11/2000,920.53,920.53,920.53,920.53
28/11/2000,928.75,928.75,928.75,928.75
27/11/2000,928.42,928.42,928.42,928.42
24/11/2000,920.31,920.31,920.31,920.31
23/11/2000,916.26,916.26,916.26,916.26
22/11/2000,916.9,916.9,916.9,916.9
21/11/2000,921.02,921.02,921.02,921.02
20/11/2000,909.24,909.24,909.24,909.24
17/11/2000,915.95,915.95,915.95,915.95
16/11/2000,920.04,920.04,920.04,920.04
15/11/2000,926.82,926.82,926.82,926.82
14/11/2000,919.45,919.45,919.45,919.45
13/11/2000,912.33,912.33,912.33,912.33
10/11/2000,918.96,918.96,918.96,918.96
9/11/2000,922.46,922.46,922.46,922.46
8/11/2000,924.98,924.98,924.98,924.98
7/11/2000,924.1,924.1,924.1,924.1
6/11/2000,921.61,921.61,921.61,921.61
3/11/2000,917.79,917.79,917.79,917.79
2/11/2000,922.49,922.49,922.49,922.49
1/11/2000,927.4,927.4,927.4,927.4
31/10/2000,916.64,916.64,916.64,916.64
30/10/2000,904.07,904.07,904.07,904.07
27/10/2000,889.57,889.57,889.57,889.57
26/10/2000,884.09,884.09,884.09,884.09
25/10/2000,885.77,885.77,885.77,885.77
24/10/2000,893.66,893.66,893.66,893.66
23/10/2000,890.14,890.14,890.14,890.14
20/10/2000,888.89,888.89,888.89,888.89
19/10/2000,882.13,882.13,882.13,882.13
18/10/2000,882.11,882.11,882.11,882.11
17/10/2000,891.34,891.34,891.34,891.34
16/10/2000,900.56,900.56,900.56,900.56
13/10/2000,903.25,903.25,903.25,903.25
12/10/2000,916.18,916.18,916.18,916.18
11/10/2000,923.3,923.3,923.3,923.3
10/10/2000,925.2,925.2,925.2,925.2
9/10/2000,920.54,920.54,920.54,920.54
6/10/2000,918.73,918.73,918.73,918.73
5/10/2000,916.43,916.43,916.43,916.43
4/10/2000,920.91,920.91,920.91,920.91
3/10/2000,927.07,927.07,927.07,927.07
2/10/2000,920.59,920.59,920.59,920.59
29/09/2000,916.33,916.33,916.33,916.33
28/09/2000,908.34,908.34,908.34,908.34
27/09/2000,905.73,905.73,905.73,905.73
26/09/2000,897.86,897.86,897.86,897.86
25/09/2000,895.2,895.2,895.2,895.2
22/09/2000,903.02,903.02,903.02,903.02
21/09/2000,900.51,900.51,900.51,900.51
20/09/2000,907.09,907.09,907.09,907.09
19/09/2000,919.21,919.21,919.21,919.21
18/09/2000,929.06,929.06,929.06,929.06
15/09/2000,936.95,936.95,936.95,936.95
14/09/2000,931.9,931.9,931.9,931.9
13/09/2000,940.11,940.11,940.11,940.11
12/09/2000,942.3,942.3,942.3,942.3
11/09/2000,948.38,948.38,948.38,948.38
8/09/2000,941.96,941.96,941.96,941.96
7/09/2000,948.36,948.36,948.36,948.36
6/09/2000,951.95,951.95,951.95,951.95
5/09/2000,946.75,946.75,946.75,946.75
4/09/2000,949.22,949.22,949.22,949.22
1/09/2000,943.48,943.48,943.48,943.48
31/08/2000,934.52,934.52,934.52,934.52
30/08/2000,935.8,935.8,935.8,935.8
29/08/2000,947.17,947.17,947.17,947.17
28/08/2000,951.72,951.72,951.72,951.72
25/08/2000,951.76,951.76,951.76,951.76
24/08/2000,951.31,951.31,951.31,951.31
23/08/2000,956.18,956.18,956.18,956.18
22/08/2000,950.91,950.91,950.91,950.91
21/08/2000,950.59,950.59,950.59,950.59
18/08/2000,948.8,948.8,948.8,948.8
17/08/2000,952.64,952.64,952.64,952.64
16/08/2000,953.26,953.26,953.26,953.26
15/08/2000,941.96,941.96,941.96,941.96
14/08/2000,945.61,945.61,945.61,945.61
11/08/2000,940.25,940.25,940.25,940.25
10/08/2000,934.29,934.29,934.29,934.29
9/08/2000,929.88,929.88,929.88,929.88
8/08/2000,930.93,930.93,930.93,930.93
7/08/2000,929.48,929.48,929.48,929.48
4/08/2000,921.53,921.53,921.53,921.53
3/08/2000,921.2,921.2,921.2,921.2
2/08/2000,926.09,926.09,926.09,926.09
1/08/2000,918.78,918.78,918.78,918.78
31/07/2000,913.26,913.26,913.26,913.26
28/07/2000,913.71,913.71,913.71,913.71
27/07/2000,916.81,916.81,916.81,916.81
26/07/2000,905.62,905.62,905.62,905.62
25/07/2000,909.55,909.55,909.55,909.55
24/07/2000,911.29,911.29,911.29,911.29
21/07/2000,917.92,917.92,917.92,917.92
20/07/2000,926.78,926.78,926.78,926.78
19/07/2000,928.68,928.68,928.68,928.68
18/07/2000,935.32,935.32,935.32,935.32
17/07/2000,938.19,938.19,938.19,938.19
14/07/2000,945.46,945.46,945.46,945.46
13/07/2000,943.41,943.41,943.41,943.41
12/07/2000,947.9,947.9,947.9,947.9
11/07/2000,951.12,951.12,951.12,951.12
10/07/2000,935.04,935.04,935.04,935.04
7/07/2000,935.02,935.02,935.02,935.02
6/07/2000,928.53,928.53,928.53,928.53
5/07/2000,927.5,927.5,927.5,927.5
4/07/2000,942.7,942.7,942.7,942.7
3/07/2000,942.77,942.77,942.77,942.77
30/06/2000,933.01,933.01,933.01,933.01
29/06/2000,935.64,935.64,935.64,935.64
28/06/2000,939.45,939.45,939.45,939.45
27/06/2000,938.44,938.44,938.44,938.44
26/06/2000,935.11,935.11,935.11,935.11
23/06/2000,931.82,931.82,931.82,931.82
22/06/2000,930.58,930.58,930.58,930.58
21/06/2000,937.17,937.17,937.17,937.17
20/06/2000,942.21,942.21,942.21,942.21
19/06/2000,950.7,950.7,950.7,950.7
16/06/2000,959.67,959.67,959.67,959.67
15/06/2000,955.96,955.96,955.96,955.96
14/06/2000,967.79,967.79,967.79,967.79
13/06/2000,962.18,962.18,962.18,962.18
12/06/2000,963.05,963.05,963.05,963.05
9/06/2000,956.51,956.51,956.51,956.51
8/06/2000,962.78,962.78,962.78,962.78
7/06/2000,965.55,965.55,965.55,965.55
6/06/2000,968.75,968.75,968.75,968.75
5/06/2000,958.99,958.99,958.99,958.99
2/06/2000,964.21,964.21,964.21,964.21
1/06/2000,963.79,963.79,963.79,963.79
31/05/2000,957.08,957.08,957.08,957.08
30/05/2000,964.59,964.59,964.59,964.59
29/05/2000,957.05,957.05,957.05,957.05
26/05/2000,952.71,952.71,952.71,952.71
25/05/2000,959.94,959.94,959.94,959.94
24/05/2000,960.62,960.62,960.62,960.62
23/05/2000,964.9,964.9,964.9,964.9
22/05/2000,972.1,972.1,972.1,972.1
19/05/2000,964.07,964.07,964.07,964.07
18/05/2000,968.5,968.5,968.5,968.5
17/05/2000,965.39,965.39,965.39,965.39
16/05/2000,975.43,975.43,975.43,975.43
15/05/2000,974.77,974.77,974.77,974.77
12/05/2000,965.18,965.18,965.18,965.18
11/05/2000,958.9,958.9,958.9,958.9
10/05/2000,953.59,953.59,953.59,953.59
9/05/2000,946.12,946.12,946.12,946.12
8/05/2000,942.18,942.18,942.18,942.18
5/05/2000,935.3,935.3,935.3,935.3
4/05/2000,931.26,931.26,931.26,931.26
3/05/2000,932.51,932.51,932.51,932.51
2/05/2000,942.16,942.16,942.16,942.16
1/05/2000,929.93,929.93,929.93,929.93
28/04/2000,926.7,926.7,926.7,926.7
27/04/2000,931.69,931.69,931.69,931.69
26/04/2000,931.5,931.5,931.5,931.5
25/04/2000,927.22,927.22,927.22,927.22
24/04/2000,913.27,913.27,913.27,913.27
21/04/2000,910.79,910.79,910.79,910.79
20/04/2000,911.29,911.29,911.29,911.29
19/04/2000,905.82,905.82,905.82,905.82
18/04/2000,907.78,907.78,907.78,907.78
17/04/2000,905.76,905.76,905.76,905.76
14/04/2000,923.77,923.77,923.77,923.77
13/04/2000,941.63,941.63,941.63,941.63
12/04/2000,944.38,944.38,944.38,944.38
11/04/2000,934.97,934.97,934.97,934.97
10/04/2000,925.74,925.74,925.74,925.74
7/04/2000,928.21,928.21,928.21,928.21
6/04/2000,939.87,939.87,939.87,939.87
5/04/2000,936.83,936.83,936.83,936.83
4/04/2000,947.36,947.36,947.36,947.36
3/04/2000,938.47,938.47,938.47,938.47
31/03/2000,932.52,932.52,932.52,932.52
30/03/2000,928.45,928.45,928.45,928.45
29/03/2000,918.3,918.3,918.3,918.3
28/03/2000,909.7,909.7,909.7,909.7
27/03/2000,912.12,912.12,912.12,912.12
24/03/2000,917.11,917.11,917.11,917.11
23/03/2000,917.73,917.73,917.73,917.73
22/03/2000,917.9,917.9,917.9,917.9
21/03/2000,922.27,922.27,922.27,922.27
20/03/2000,909.5,909.5,909.5,909.5
17/03/2000,913.96,913.96,913.96,913.96
16/03/2000,926.9,926.9,926.9,926.9
15/03/2000,896.98,896.98,896.98,896.98
14/03/2000,880.02,880.02,880.02,880.02
13/03/2000,884.54,884.54,884.54,884.54
10/03/2000,890.34,890.34,890.34,890.34
9/03/2000,893.78,893.78,893.78,893.78
8/03/2000,884.01,884.01,884.01,884.01
7/03/2000,864.92,864.92,864.92,864.92
6/03/2000,856.78,856.78,856.78,856.78
3/03/2000,865.13,865.13,865.13,865.13
2/03/2000,870.04,870.04,870.04,870.04
1/03/2000,871.27,871.27,871.27,871.27
29/02/2000,861.33,861.33,861.33,861.33
28/02/2000,858.76,858.76,858.76,858.76
25/02/2000,861.93,861.93,861.93,861.93
24/02/2000,866.62,866.62,866.62,866.62
23/02/2000,882.58,882.58,882.58,882.58
22/02/2000,891.28,891.28,891.28,891.28
21/02/2000,895.48,895.48,895.48,895.48
18/02/2000,901.34,901.34,901.34,901.34
17/02/2000,922.02,922.02,922.02,922.02
16/02/2000,922.1,922.1,922.1,922.1
15/02/2000,910.69,910.69,910.69,910.69
14/02/2000,896.1,896.1,896.1,896.1
11/02/2000,892.85,892.85,892.85,892.85
10/02/2000,903.37,903.37,903.37,903.37
9/02/2000,912.49,912.49,912.49,912.49
8/02/2000,924.12,924.12,924.12,924.12
7/02/2000,923.49,923.49,923.49,923.49
4/02/2000,921.54,921.54,921.54,921.54
3/02/2000,928.27,928.27,928.27,928.27
2/02/2000,933.99,933.99,933.99,933.99
1/02/2000,924.16,924.16,924.16,924.16
31/01/2000,916.67,916.67,916.67,916.67
28/01/2000,918.51,918.51,918.51,918.51
27/01/2000,937.49,937.49,937.49,937.49
26/01/2000,946.19,946.19,946.19,946.19
25/01/2000,949.82,949.82,949.82,949.82
24/01/2000,958.51,958.51,958.51,958.51
21/01/2000,965.21,965.21,965.21,965.21
20/01/2000,966.83,966.83,966.83,966.83
19/01/2000,977.26,977.26,977.26,977.26
18/01/2000,975.2,975.2,975.2,975.2
17/01/2000,975.28,975.28,975.28,975.28
14/01/2000,972.52,972.52,972.52,972.52
13/01/2000,970.48,970.48,970.48,970.48
12/01/2000,964.32,964.32,964.32,964.32
11/01/2000,970.08,970.08,970.08,970.08
10/01/2000,975.4,975.4,975.4,975.4
7/01/2000,982.57,982.57,982.57,982.57
6/01/2000,970.73,970.73,970.73,970.73
5/01/2000,951.26,951.26,951.26,951.26
4/01/2000,941.32,941.32,941.32,941.32
3/01/2000,950.99,950.99,950.99,950.99
31/12/1999,959.26,959.26,959.26,959.26
